p1,p2,match_date,logged_at,run_id,features_complete,features_json
arthur fery,alexander zverev,2026-07-10,2026-07-09T05:19:14+00:00,run_20260709T051522Z,False,"{""P2_WinStreak_Current"": 5.0, ""P1_WinStreak_Current"": 5.0, ""P2_Surface_Matches_30d"": 9.0, ""Height_Diff"": -23.0, ""P1_Surface_Matches_30d"": 10.0, ""Player2_Height"": 198.0, ""P1_Matches_30d"": 10.0, ""P2_Matches_30d"": 9.0, ""P2_Surface_Experience"": 77.0, ""P2_Form_Trend_30d"": 0.9374204431282804, ""Player1_Height"": 175.0, ""P1_Form_Trend_30d"": 0.871406608979923, ""Round_R16"": 0.0, ""Surface_Transition_Flag"": 0.0, ""P1_Surface_Matches_90d"": 14.0, ""P1_Surface_Experience"": 49.0, ""Rank_Diff"": 111.0, ""Round_R32"": 0.0, ""Rank_Points_Diff"": -6643.0, ""P2_Level_WinRate_Career"": 0.7541436464088398, ""P2_Surface_Matches_90d"": 9.0, ""P1_Level_WinRate_Career"": 0.6590909090909091, ""P2_Level_Matches_Career"": 178.0, ""P2_WinRate_Last10_120d"": 0.8076923076923077, ""Round_QF"": 0.0, ""Level_25"": 0.0, ""P1_Round_WinRate_Career"": 0.575, ""P1_Surface_WinRate_90d"": 0.7352941176470589, ""Round_Q1"": 0.0, ""Player1_Rank"": 114.0, ""P1_Level_Matches_Career"": 19.0, ""P2_Round_WinRate_Career"": 0.484375, ""draw_size"": 128.0, ""P1_WinRate_Last10_120d"": 0.7307692307692307, ""Age_Diff"": -5.226557152635184, ""Level_15"": 0.0, ""Player1_Rank_Points"": 547.0, ""Handedness_Matchup_RL"": 0.0, ""Player2_Rank"": 3.0, ""Avg_Age"": 26.607802874743328, ""P1_Country_RUS"": 0.0, ""Player2_Age"": 29.22108145106092, ""P2_vs_Lefty_WinRate"": 0.7298387096774194, ""Round_F"": 0.0, ""Surface_Clay"": 0.0, ""P2_Sets_14d"": 17.0, ""Rank_Momentum_Diff_30d"": 0.0, ""H2H_P2_Wins"": 0.0, ""Player2_Rank_Points"": 7190.0, ""Player1_Age"": 23.994524298425734, ""P2_Rank_Volatility_90d"": 0.0, ""P1_Days_Since_Last"": 4.0, ""Grass_Season"": 1.0, ""P1_Semifinals_WinRate"": 0.575, ""Level_A"": 0.0, ""Level_D"": 0.0, ""P1_Country_USA"": 0.0, ""P1_Country_GBR"": 1.0, ""P1_Country_FRA"": 0.0, ""P2_Matches_14d"": 5.0, ""P2_Country_USA"": 0.0, ""P2_Country_ITA"": 0.0, ""Round_Q2"": 0.0, ""P2_Surface_WinRate_90d"": 0.7916666666666666, ""P1_Hand_L"": 0.0, ""P2_Hand_L"": 0.0, ""P1_Country_ITA"": 0.0, ""P2_Rust_Flag"": 0.0, ""P1_Rank_Change_90d"": 8.0, ""P1_Country_AUS"": 0.0, ""P1_Hand_U"": 0.0, ""P1_Hand_R"": 1.0, ""Round_RR"": 0.0, ""Avg_Height"": 186.5, ""P1_Sets_14d"": 21.0, ""P2_Country_Other"": 0.0, ""Round_SF"": 1.0, ""P1_vs_Lefty_WinRate"": 0.7195121951219512, ""Indoor_Season"": 0.0, ""Avg_Rank"": 58.5, ""P1_Rust_Flag"": 0.0, ""Avg_Rank_Points"": 3868.5, ""Level_F"": 0.0, ""Round_R64"": 0.0, ""P2_Country_CZE"": 0.0, ""P2_Hand_R"": 1.0, ""Surface_Hard"": 0.0, ""P1_Matches_14d"": 5.0, ""Surface_Carpet"": 0.0, ""Round_R128"": 0.0, ""P1_Country_SRB"": 0.0, ""P2_Hand_U"": 0.0, ""P1_Rank_Volatility_90d"": 2.338340492167456, ""Level_M"": 0.0, ""P2_Country_ESP"": 0.0, ""Handedness_Matchup_LR"": 0.0, ""P1_Country_CZE"": 0.0, ""P2_Country_SUI"": 0.0, ""Surface_Grass"": 1.0, ""H2H_Total_Matches"": 0.0, ""Level_O"": 0.0, ""P1_Hand_A"": 0.0, ""P1_Finals_WinRate"": 0.5769230769230769, ""Rank_Momentum_Diff_90d"": 8.0, ""P2_Finals_WinRate"": 0.6020408163265306, ""Round_Q4"": 0.0, ""Level_G"": 1.0, ""Round_ER"": 0.0, ""Level_S"": 0.0, ""Round_BR"": 0.0, ""Round_Q3"": 0.0, ""Rank_Ratio"": 38.0, ""P1_Country_SUI"": 0.0, ""Clay_Season"": 0.0, ""P1_Country_GER"": 0.0, ""P2_Rank_Change_30d"": 0.0, ""P1_Country_ESP"": 0.0, ""P2_Hand_A"": 0.0, ""H2H_Recent_P1_Advantage"": 0.0, ""P2_Country_AUS"": 0.0, ""P2_Country_SRB"": 0.0, ""P2_Country_GBR"": 0.0, ""P2_Country_ARG"": 0.0, ""Handedness_Matchup_RR"": 1.0, ""P1_Rank_Change_30d"": 0.0, ""P2_Country_GER"": 1.0, ""Handedness_Matchup_LL"": 0.0, ""P2_Country_RUS"": 0.0, ""P1_Country_ARG"": 0.0, ""Level_C"": 0.0, ""P2_Semifinals_WinRate"": 0.484375, ""P2_Days_Since_Last"": 4.0, ""P1_Peak_Age"": 0.0, ""P2_Peak_Age"": 0.0, ""H2H_P1_WinRate"": 0.5, ""P1_Country_Other"": 0.0, ""H2H_P1_Wins"": 0.0, ""P1_BigMatch_WinRate"": 0.6481481481481481, ""P2_Rank_Change_90d"": 0.0, ""P2_BigMatch_WinRate"": 0.7257336343115124, ""P2_Country_FRA"": 0.0, ""_defaulted_features"": """"}"
jannik sinner,novak djokovic,2026-07-10,2026-07-09T05:19:18+00:00,run_20260709T051522Z,False,"{""P2_WinStreak_Current"": 5.0, ""P1_WinStreak_Current"": 5.0, ""P2_Surface_Matches_30d"": 5.0, ""Height_Diff"": 3.0, ""P1_Surface_Matches_30d"": 5.0, ""Player2_Height"": 188.0, ""P1_Matches_30d"": 5.0, ""P2_Matches_30d"": 5.0, ""P2_Surface_Experience"": 155.0, ""P2_Form_Trend_30d"": 1.0, ""Player1_Height"": 191.0, ""P1_Form_Trend_30d"": 1.0, ""Round_R16"": 0.0, ""Surface_Transition_Flag"": 0.0, ""P1_Surface_Matches_90d"": 5.0, ""P1_Surface_Experience"": 48.0, ""Rank_Diff"": -7.0, ""Round_R32"": 0.0, ""Rank_Points_Diff"": 9690.0, ""P2_Level_WinRate_Career"": 0.8768115942028986, ""P2_Surface_Matches_90d"": 5.0, ""P1_Level_WinRate_Career"": 0.8070866141732284, ""P2_Level_Matches_Career"": 480.0, ""P2_WinRate_Last10_120d"": 0.7083333333333334, ""Round_QF"": 0.0, ""Level_25"": 0.0, ""P1_Round_WinRate_Career"": 0.753968253968254, ""P1_Surface_WinRate_90d"": 0.8125, ""Round_Q1"": 0.0, ""Player1_Rank"": 1.0, ""P1_Level_Matches_Career"": 124.0, ""P2_Round_WinRate_Career"": 0.7172897196261683, ""draw_size"": 128.0, ""P1_WinRate_Last10_120d"": 0.8076923076923077, ""Age_Diff"": -14.236824093086927, ""Level_15"": 0.0, ""Player1_Rank_Points"": 13450.0, ""Handedness_Matchup_RL"": 0.0, ""Player2_Rank"": 8.0, ""Avg_Age"": 32.016427104722794, ""P1_Country_RUS"": 0.0, ""Player2_Age"": 39.134839151266256, ""P2_vs_Lefty_WinRate"": 0.7675, ""Round_F"": 0.0, ""Surface_Clay"": 0.0, ""P2_Sets_14d"": 20.0, ""Rank_Momentum_Diff_30d"": 0.0, ""H2H_P2_Wins"": 5.0, ""Player2_Rank_Points"": 3760.0, ""Player1_Age"": 24.89801505817933, ""P2_Rank_Volatility_90d"": 0.0, ""P1_Days_Since_Last"": 4.0, ""Grass_Season"": 1.0, ""P1_Semifinals_WinRate"": 0.753968253968254, ""Level_A"": 0.0, ""Level_D"": 0.0, ""P1_Country_USA"": 0.0, ""P1_Country_GBR"": 0.0, ""P1_Country_FRA"": 0.0, ""P2_Matches_14d"": 5.0, ""P2_Country_USA"": 0.0, ""P2_Country_ITA"": 0.0, ""Round_Q2"": 0.0, ""P2_Surface_WinRate_90d"": 0.8125, ""P1_Hand_L"": 0.0, ""P2_Hand_L"": 0.0, ""P1_Country_ITA"": 1.0, ""P2_Rust_Flag"": 0.0, ""P1_Rank_Change_90d"": 1.0, ""P1_Country_AUS"": 0.0, ""P1_Hand_U"": 0.0, ""P1_Hand_R"": 1.0, ""Round_RR"": 0.0, ""Avg_Height"": 189.5, ""P1_Sets_14d"": 17.0, ""P2_Country_Other"": 0.0, ""Round_SF"": 1.0, ""P1_vs_Lefty_WinRate"": 0.7631578947368421, ""Indoor_Season"": 0.0, ""Avg_Rank"": 4.5, ""P1_Rust_Flag"": 0.0, ""Avg_Rank_Points"": 8605.0, ""Level_F"": 0.0, ""Round_R64"": 0.0, ""P2_Country_CZE"": 0.0, ""P2_Hand_R"": 1.0, ""Surface_Hard"": 0.0, ""P1_Matches_14d"": 5.0, ""Surface_Carpet"": 0.0, ""Round_R128"": 0.0, ""P1_Country_SRB"": 0.0, ""P2_Hand_U"": 0.0, ""P1_Rank_Volatility_90d"": 0.22941573387056177, ""Level_M"": 0.0, ""P2_Country_ESP"": 0.0, ""Handedness_Matchup_LR"": 0.0, ""P1_Country_CZE"": 0.0, ""P2_Country_SUI"": 0.0, ""Surface_Grass"": 1.0, ""H2H_Total_Matches"": 11.0, ""Level_O"": 0.0, ""P1_Hand_A"": 0.0, ""P1_Finals_WinRate"": 0.7448979591836735, ""Rank_Momentum_Diff_90d"": 2.0, ""P2_Finals_WinRate"": 0.7064516129032258, ""Round_Q4"": 0.0, ""Level_G"": 1.0, ""Round_ER"": 0.0, ""Level_S"": 0.0, ""Round_BR"": 0.0, ""Round_Q3"": 0.0, ""Rank_Ratio"": 8.0, ""P1_Country_SUI"": 0.0, ""Clay_Season"": 0.0, ""P1_Country_GER"": 0.0, ""P2_Rank_Change_30d"": 0.0, ""P1_Country_ESP"": 0.0, ""P2_Hand_A"": 0.0, ""H2H_Recent_P1_Advantage"": 0.08333333333333337, ""P2_Country_AUS"": 0.0, ""P2_Country_SRB"": 1.0, ""P2_Country_GBR"": 0.0, ""P2_Country_ARG"": 0.0, ""Handedness_Matchup_RR"": 1.0, ""P1_Rank_Change_30d"": 0.0, ""P2_Country_GER"": 0.0, ""Handedness_Matchup_LL"": 0.0, ""P2_Country_RUS"": 0.0, ""P1_Country_ARG"": 0.0, ""Level_C"": 0.0, ""P2_Semifinals_WinRate"": 0.7172897196261683, ""P2_Days_Since_Last"": 4.0, ""P1_Peak_Age"": 1.0, ""P2_Peak_Age"": 0.0, ""H2H_P1_WinRate"": 0.5357142857142857, ""P1_Country_Other"": 0.0, ""H2H_P1_Wins"": 6.0, ""P1_BigMatch_WinRate"": 0.798951048951049, ""P2_Rank_Change_90d"": -1.0, ""P2_BigMatch_WinRate"": 0.84375, ""P2_Country_FRA"": 0.0, ""_defaulted_features"": """"}"
taro daniel,zdenek kolar,2026-07-09,2026-07-09T05:19:20+00:00,run_20260709T051522Z,False,"{""P2_WinStreak_Current"": 2.0, ""P1_WinStreak_Current"": 2.0, ""P2_Surface_Matches_30d"": 0.0, ""Height_Diff"": 8.0, ""P1_Surface_Matches_30d"": 0.0, ""Player2_Height"": 183.0, ""P1_Matches_30d"": 2.0, ""P2_Matches_30d"": 4.0, ""P2_Surface_Experience"": 216.0, ""P2_Form_Trend_30d"": 0.5533049141923638, ""Player1_Height"": 191.0, ""P1_Form_Trend_30d"": 0.5, ""Round_R16"": 1.0, ""Surface_Transition_Flag"": 0.0, ""P1_Surface_Matches_90d"": 4.0, ""P1_Surface_Experience"": 481.0, ""Rank_Diff"": 49.0, ""Round_R32"": 0.0, ""Rank_Points_Diff"": -99.0, ""P2_Level_WinRate_Career"": 0.52431906614786, ""P2_Surface_Matches_90d"": 0.0, ""P1_Level_WinRate_Career"": 0.6138743455497382, ""P2_Level_Matches_Career"": 511.0, ""P2_WinRate_Last10_120d"": 0.4230769230769231, ""Round_QF"": 0.0, ""Level_25"": 0.0, ""P1_Round_WinRate_Career"": 0.6347150259067358, ""P1_Surface_WinRate_90d"": 0.5, ""Round_Q1"": 0.0, ""Player1_Rank"": 203.0, ""P1_Level_Matches_Career"": 379.0, ""P2_Round_WinRate_Career"": 0.5481283422459893, ""draw_size"": 32.0, ""P1_WinRate_Last10_120d"": 0.7307692307692307, ""Age_Diff"": 3.6988364134154637, ""Level_15"": 0.0, ""Player1_Rank_Points"": 279.0, ""Handedness_Matchup_RL"": 0.0, ""Player2_Rank"": 154.0, ""Avg_Age"": 31.596167008898014, ""P1_Country_RUS"": 0.0, ""Player2_Age"": 29.746748802190282, ""P2_vs_Lefty_WinRate"": 0.5396039603960396, ""Round_F"": 0.0, ""Surface_Clay"": 0.0, ""P2_Sets_14d"": 6.0, ""Rank_Momentum_Diff_30d"": 0.0, ""H2H_P2_Wins"": 0.0, ""Player2_Rank_Points"": 378.0, ""Player1_Age"": 33.445585215605746, ""P2_Rank_Volatility_90d"": 9.540889446407574, ""P1_Days_Since_Last"": 3.0, ""Grass_Season"": 1.0, ""P1_Semifinals_WinRate"": 0.5153846153846153, ""Level_A"": 0.0, ""Level_D"": 0.0, ""P1_Country_USA"": 0.0, ""P1_Country_GBR"": 0.0, ""P1_Country_FRA"": 0.0, ""P2_Matches_14d"": 3.0, ""P2_Country_USA"": 0.0, ""P2_Country_ITA"": 0.0, ""Round_Q2"": 0.0, ""P2_Surface_WinRate_90d"": 0.5, ""P1_Hand_L"": 0.0, ""P2_Hand_L"": 0.0, ""P1_Country_ITA"": 0.0, ""P2_Rust_Flag"": 0.0, ""P1_Rank_Change_90d"": 21.0, ""P1_Country_AUS"": 0.0, ""P1_Hand_U"": 0.0, ""P1_Hand_R"": 1.0, ""Round_RR"": 0.0, ""Avg_Height"": 187.0, ""P1_Sets_14d"": 4.0, ""P2_Country_Other"": 0.0, ""Round_SF"": 0.0, ""P1_vs_Lefty_WinRate"": 0.5927152317880795, ""Indoor_Season"": 0.0, ""Avg_Rank"": 178.5, ""P1_Rust_Flag"": 0.0, ""Avg_Rank_Points"": 328.5, ""Level_F"": 0.0, ""Round_R64"": 0.0, ""P2_Country_CZE"": 1.0, ""P2_Hand_R"": 1.0, ""Surface_Hard"": 1.0, ""P1_Matches_14d"": 2.0, ""Surface_Carpet"": 0.0, ""Round_R128"": 0.0, ""P1_Country_SRB"": 0.0, ""P2_Hand_U"": 0.0, ""P1_Rank_Volatility_90d"": 7.025688159721229, ""Level_M"": 0.0, ""P2_Country_ESP"": 0.0, ""Handedness_Matchup_LR"": 0.0, ""P1_Country_CZE"": 0.0, ""P2_Country_SUI"": 0.0, ""Surface_Grass"": 0.0, ""H2H_Total_Matches"": 1.0, ""Level_O"": 0.0, ""P1_Hand_A"": 0.0, ""P1_Finals_WinRate"": 0.44285714285714284, ""Rank_Momentum_Diff_90d"": 1.0, ""P2_Finals_WinRate"": 0.5, ""Round_Q4"": 0.0, ""Level_G"": 0.0, ""Round_ER"": 0.0, ""Level_S"": 0.0, ""Round_BR"": 0.0, ""Round_Q3"": 0.0, ""Rank_Ratio"": 1.3181818181818181, ""P1_Country_SUI"": 0.0, ""Clay_Season"": 0.0, ""P1_Country_GER"": 0.0, ""P2_Rank_Change_30d"": 0.0, ""P1_Country_ESP"": 0.0, ""P2_Hand_A"": 0.0, ""H2H_Recent_P1_Advantage"": 0.0, ""P2_Country_AUS"": 0.0, ""P2_Country_SRB"": 0.0, ""P2_Country_GBR"": 0.0, ""P2_Country_ARG"": 0.0, ""Handedness_Matchup_RR"": 1.0, ""P1_Rank_Change_30d"": 0.0, ""P2_Country_GER"": 0.0, ""Handedness_Matchup_LL"": 0.0, ""P2_Country_RUS"": 0.0, ""P1_Country_ARG"": 0.0, ""Level_C"": 1.0, ""P2_Semifinals_WinRate"": 0.5188679245283019, ""P2_Days_Since_Last"": 3.0, ""P1_Peak_Age"": 0.0, ""P2_Peak_Age"": 0.0, ""H2H_P1_WinRate"": 0.625, ""P1_Country_Other"": 1.0, ""H2H_P1_Wins"": 1.0, ""P1_BigMatch_WinRate"": 0.44476744186046513, ""P2_Rank_Change_90d"": 20.0, ""P2_BigMatch_WinRate"": 0.3979591836734694, ""P2_Country_FRA"": 0.0, ""_defaulted_features"": """"}"
valentin royer,olle wallin,2026-07-09,2026-07-09T05:19:31+00:00,run_20260709T051522Z,False,"{""P2_WinStreak_Current"": -1.0, ""P1_WinStreak_Current"": 2.0, ""P2_Surface_Matches_30d"": 0.0, ""Height_Diff"": -3.0, ""P1_Surface_Matches_30d"": 0.0, ""Player2_Height"": 191.0, ""P1_Matches_30d"": 5.0, ""P2_Matches_30d"": 13.0, ""P2_Surface_Experience"": 98.0, ""P2_Form_Trend_30d"": 0.9104376175790359, ""Player1_Height"": 188.0, ""P1_Form_Trend_30d"": 0.7030202630549369, ""Round_R16"": 1.0, ""Surface_Transition_Flag"": 0.0, ""P1_Surface_Matches_90d"": 0.0, ""P1_Surface_Experience"": 215.0, ""Rank_Diff"": -372.0, ""Round_R32"": 0.0, ""Rank_Points_Diff"": 694.0, ""P2_Level_WinRate_Career"": 0.6309523809523809, ""P2_Surface_Matches_90d"": 7.0, ""P1_Level_WinRate_Career"": 0.6194444444444445, ""P2_Level_Matches_Career"": 39.0, ""P2_WinRate_Last10_120d"": 0.8076923076923077, ""Round_QF"": 0.0, ""Level_25"": 0.0, ""P1_Round_WinRate_Career"": 0.5989583333333334, ""P1_Surface_WinRate_90d"": 0.5, ""Round_Q1"": 0.0, ""Player1_Rank"": 75.0, ""P1_Level_Matches_Career"": 177.0, ""P2_Round_WinRate_Career"": 0.6025641025641025, ""draw_size"": 32.0, ""P1_WinRate_Last10_120d"": 0.5, ""Age_Diff"": 0.39972621492128724, ""Level_15"": 0.0, ""Player1_Rank_Points"": 798.0, ""Handedness_Matchup_RL"": 0.0, ""Player2_Rank"": 447.0, ""Avg_Age"": 24.91170431211499, ""P1_Country_RUS"": 0.0, ""Player2_Age"": 24.711841204654345, ""P2_vs_Lefty_WinRate"": 0.6071428571428571, ""Round_F"": 0.0, ""Surface_Clay"": 0.0, ""P2_Sets_14d"": 28.0, ""Rank_Momentum_Diff_30d"": 0.0, ""H2H_P2_Wins"": 0.0, ""Player2_Rank_Points"": 104.0, ""Player1_Age"": 25.111567419575632, ""P2_Rank_Volatility_90d"": 10.93227816524776, ""P1_Days_Since_Last"": 3.0, ""Grass_Season"": 1.0, ""P1_Semifinals_WinRate"": 0.5625, ""Level_A"": 0.0, ""Level_D"": 0.0, ""P1_Country_USA"": 0.0, ""P1_Country_GBR"": 0.0, ""P1_Country_FRA"": 1.0, ""P2_Matches_14d"": 13.0, ""P2_Country_USA"": 0.0, ""P2_Country_ITA"": 0.0, ""Round_Q2"": 0.0, ""P2_Surface_WinRate_90d"": 0.65, ""P1_Hand_L"": 0.0, ""P2_Hand_L"": 0.0, ""P1_Country_ITA"": 0.0, ""P2_Rust_Flag"": 0.0, ""P1_Rank_Change_90d"": -1.0, ""P1_Country_AUS"": 0.0, ""P1_Hand_U"": 0.0, ""P1_Hand_R"": 1.0, ""Round_RR"": 0.0, ""Avg_Height"": 189.5, ""P1_Sets_14d"": 11.0, ""P2_Country_Other"": 1.0, ""Round_SF"": 0.0, ""P1_vs_Lefty_WinRate"": 0.6403508771929824, ""Indoor_Season"": 0.0, ""Avg_Rank"": 261.0, ""P1_Rust_Flag"": 0.0, ""Avg_Rank_Points"": 451.0, ""Level_F"": 0.0, ""Round_R64"": 0.0, ""P2_Country_CZE"": 0.0, ""P2_Hand_R"": 0.0, ""Surface_Hard"": 1.0, ""P1_Matches_14d"": 4.0, ""Surface_Carpet"": 0.0, ""Round_R128"": 0.0, ""P1_Country_SRB"": 0.0, ""P2_Hand_U"": 1.0, ""P1_Rank_Volatility_90d"": 1.620185174601965, ""Level_M"": 0.0, ""P2_Country_ESP"": 0.0, ""Handedness_Matchup_LR"": 0.0, ""P1_Country_CZE"": 0.0, ""P2_Country_SUI"": 0.0, ""Surface_Grass"": 0.0, ""H2H_Total_Matches"": 0.0, ""Level_O"": 0.0, ""P1_Hand_A"": 0.0, ""P1_Finals_WinRate"": 0.4791666666666667, ""Rank_Momentum_Diff_90d"": 23.0, ""P2_Finals_WinRate"": 0.6111111111111112, ""Round_Q4"": 0.0, ""Level_G"": 0.0, ""Round_ER"": 0.0, ""Level_S"": 0.0, ""Round_BR"": 0.0, ""Round_Q3"": 0.0, ""Rank_Ratio"": 5.96, ""P1_Country_SUI"": 0.0, ""Clay_Season"": 0.0, ""P1_Country_GER"": 0.0, ""P2_Rank_Change_30d"": 0.0, ""P1_Country_ESP"": 0.0, ""P2_Hand_A"": 0.0, ""H2H_Recent_P1_Advantage"": 0.0, ""P2_Country_AUS"": 0.0, ""P2_Country_SRB"": 0.0, ""P2_Country_GBR"": 0.0, ""P2_Country_ARG"": 0.0, ""Handedness_Matchup_RR"": 0.0, ""P1_Rank_Change_30d"": 0.0, ""P2_Country_GER"": 0.0, ""Handedness_Matchup_LL"": 0.0, ""P2_Country_RUS"": 0.0, ""P1_Country_ARG"": 0.0, ""Level_C"": 1.0, ""P2_Semifinals_WinRate"": 0.4411764705882353, ""P2_Days_Since_Last"": 3.0, ""P1_Peak_Age"": 1.0, ""P2_Peak_Age"": 1.0, ""H2H_P1_WinRate"": 0.5, ""P1_Country_Other"": 0.0, ""H2H_P1_Wins"": 0.0, ""P1_BigMatch_WinRate"": 0.5, ""P2_Rank_Change_90d"": -24.0, ""P2_BigMatch_WinRate"": 0.5, ""P2_Country_FRA"": 0.0, ""_defaulted_features"": """"}"
cezar cretu,gustavo heide,2026-07-09,2026-07-09T05:19:32+00:00,run_20260709T051522Z,False,"{""P2_WinStreak_Current"": -1.0, ""P1_WinStreak_Current"": -1.0, ""P2_Surface_Matches_30d"": 0.0, ""Height_Diff"": -3.0, ""P1_Surface_Matches_30d"": 0.0, ""Player2_Height"": 191.0, ""P1_Matches_30d"": 3.0, ""P2_Matches_30d"": 10.0, ""P2_Surface_Experience"": 44.0, ""P2_Form_Trend_30d"": 0.707001347172227, ""Player1_Height"": 188.0, ""P1_Form_Trend_30d"": 0.6666666666666666, ""Round_R16"": 1.0, ""Surface_Transition_Flag"": 0.0, ""P1_Surface_Matches_90d"": 0.0, ""P1_Surface_Experience"": 54.0, ""Rank_Diff"": 131.0, ""Round_R32"": 0.0, ""Rank_Points_Diff"": -223.0, ""P2_Level_WinRate_Career"": 0.590625, ""P2_Surface_Matches_90d"": 0.0, ""P1_Level_WinRate_Career"": 0.5561224489795918, ""P2_Level_Matches_Career"": 157.0, ""P2_WinRate_Last10_120d"": 0.6538461538461539, ""Round_QF"": 0.0, ""Level_25"": 0.0, ""P1_Round_WinRate_Career"": 0.7105263157894737, ""P1_Surface_WinRate_90d"": 0.5, ""Round_Q1"": 0.0, ""Player1_Rank"": 272.0, ""P1_Level_Matches_Career"": 95.0, ""P2_Round_WinRate_Career"": 0.625, ""draw_size"": 32.0, ""P1_WinRate_Last10_120d"": 0.6538461538461539, ""Age_Diff"": 0.8487337440109499, ""Level_15"": 0.0, ""Player1_Rank_Points"": 207.0, ""Handedness_Matchup_RL"": 0.0, ""Player2_Rank"": 141.0, ""Avg_Age"": 24.78302532511978, ""P1_Country_RUS"": 0.0, ""Player2_Age"": 24.358658453114305, ""P2_vs_Lefty_WinRate"": 0.6025641025641025, ""Round_F"": 0.0, ""Surface_Clay"": 0.0, ""P2_Sets_14d"": 16.0, ""Rank_Momentum_Diff_30d"": 0.0, ""H2H_P2_Wins"": 0.0, ""Player2_Rank_Points"": 430.0, ""Player1_Age"": 25.207392197125255, ""P2_Rank_Volatility_90d"": 19.246235538867914, ""P1_Days_Since_Last"": 3.0, ""Grass_Season"": 1.0, ""P1_Semifinals_WinRate"": 0.6022727272727273, ""Level_A"": 0.0, ""Level_D"": 0.0, ""P1_Country_USA"": 0.0, ""P1_Country_GBR"": 0.0, ""P1_Country_FRA"": 0.0, ""P2_Matches_14d"": 8.0, ""P2_Country_USA"": 0.0, ""P2_Country_ITA"": 0.0, ""Round_Q2"": 0.0, ""P2_Surface_WinRate_90d"": 0.5, ""P1_Hand_L"": 0.0, ""P2_Hand_L"": 0.0, ""P1_Country_ITA"": 0.0, ""P2_Rust_Flag"": 0.0, ""P1_Rank_Change_90d"": 6.0, ""P1_Country_AUS"": 0.0, ""P1_Hand_U"": 0.0, ""P1_Hand_R"": 1.0, ""Round_RR"": 0.0, ""Avg_Height"": 189.5, ""P1_Sets_14d"": 6.0, ""P2_Country_Other"": 1.0, ""Round_SF"": 0.0, ""P1_vs_Lefty_WinRate"": 0.6770833333333334, ""Indoor_Season"": 0.0, ""Avg_Rank"": 206.5, ""P1_Rust_Flag"": 0.0, ""Avg_Rank_Points"": 318.5, ""Level_F"": 0.0, ""Round_R64"": 0.0, ""P2_Country_CZE"": 0.0, ""P2_Hand_R"": 1.0, ""Surface_Hard"": 1.0, ""P1_Matches_14d"": 3.0, ""Surface_Carpet"": 0.0, ""Round_R128"": 0.0, ""P1_Country_SRB"": 0.0, ""P2_Hand_U"": 0.0, ""P1_Rank_Volatility_90d"": 10.183965725331994, ""Level_M"": 0.0, ""P2_Country_ESP"": 0.0, ""Handedness_Matchup_LR"": 0.0, ""P1_Country_CZE"": 0.0, ""P2_Country_SUI"": 0.0, ""Surface_Grass"": 0.0, ""H2H_Total_Matches"": 0.0, ""Level_O"": 0.0, ""P1_Hand_A"": 0.0, ""P1_Finals_WinRate"": 0.48214285714285715, ""Rank_Momentum_Diff_90d"": -47.0, ""P2_Finals_WinRate"": 0.6052631578947368, ""Round_Q4"": 0.0, ""Level_G"": 0.0, ""Round_ER"": 0.0, ""Level_S"": 0.0, ""Round_BR"": 0.0, ""Round_Q3"": 0.0, ""Rank_Ratio"": 1.929078014184397, ""P1_Country_SUI"": 0.0, ""Clay_Season"": 0.0, ""P1_Country_GER"": 0.0, ""P2_Rank_Change_30d"": 0.0, ""P1_Country_ESP"": 0.0, ""P2_Hand_A"": 0.0, ""H2H_Recent_P1_Advantage"": 0.0, ""P2_Country_AUS"": 0.0, ""P2_Country_SRB"": 0.0, ""P2_Country_GBR"": 0.0, ""P2_Country_ARG"": 0.0, ""Handedness_Matchup_RR"": 1.0, ""P1_Rank_Change_30d"": 0.0, ""P2_Country_GER"": 0.0, ""Handedness_Matchup_LL"": 0.0, ""P2_Country_RUS"": 0.0, ""P1_Country_ARG"": 0.0, ""Level_C"": 1.0, ""P2_Semifinals_WinRate"": 0.5833333333333334, ""P2_Days_Since_Last"": 3.0, ""P1_Peak_Age"": 1.0, ""P2_Peak_Age"": 1.0, ""H2H_P1_WinRate"": 0.5, ""P1_Country_Other"": 1.0, ""H2H_P1_Wins"": 0.0, ""P1_BigMatch_WinRate"": 0.5, ""P2_Rank_Change_90d"": 53.0, ""P2_BigMatch_WinRate"": 0.4411764705882353, ""P2_Country_FRA"": 0.0, ""_defaulted_features"": """"}"
vilius gaubas,facundo diaz acosta,2026-07-09,2026-07-09T05:19:33+00:00,run_20260709T051522Z,False,"{""P2_WinStreak_Current"": 7.0, ""P1_WinStreak_Current"": 2.0, ""P2_Surface_Matches_30d"": 0.0, ""Height_Diff"": -5.0, ""P1_Surface_Matches_30d"": 0.0, ""Player2_Height"": 183.0, ""P1_Matches_30d"": 9.0, ""P2_Matches_30d"": 9.0, ""P2_Surface_Experience"": 63.0, ""P2_Form_Trend_30d"": 0.8286210829519804, ""Player1_Height"": 178.0, ""P1_Form_Trend_30d"": 0.917998459081224, ""Round_R16"": 1.0, ""Surface_Transition_Flag"": 0.0, ""P1_Surface_Matches_90d"": 0.0, ""P1_Surface_Experience"": 53.0, ""Rank_Diff"": 9.0, ""Round_R32"": 0.0, ""Rank_Points_Diff"": -51.0, ""P2_Level_WinRate_Career"": 0.6438053097345132, ""P2_Surface_Matches_90d"": 0.0, ""P1_Level_WinRate_Career"": 0.564748201438849, ""P2_Level_Matches_Career"": 223.0, ""P2_WinRate_Last10_120d"": 0.6538461538461539, ""Round_QF"": 0.0, ""Level_25"": 0.0, ""P1_Round_WinRate_Career"": 0.6637931034482759, ""P1_Surface_WinRate_90d"": 0.5, ""Round_Q1"": 0.0, ""Player1_Rank"": 129.0, ""P1_Level_Matches_Career"": 136.0, ""P2_Round_WinRate_Career"": 0.5824742268041238, ""draw_size"": 32.0, ""P1_WinRate_Last10_120d"": 0.7307692307692307, ""Age_Diff"": -4.038329911019851, ""Level_15"": 0.0, ""Player1_Rank_Points"": 474.0, ""Handedness_Matchup_RL"": 1.0, ""Player2_Rank"": 120.0, ""Avg_Age"": 23.544147843942504, ""P1_Country_RUS"": 0.0, ""Player2_Age"": 25.56331279945243, ""P2_vs_Lefty_WinRate"": 0.5234375, ""Round_F"": 0.0, ""Surface_Clay"": 0.0, ""P2_Sets_14d"": 20.0, ""Rank_Momentum_Diff_30d"": 0.0, ""H2H_P2_Wins"": 0.0, ""Player2_Rank_Points"": 525.0, ""Player1_Age"": 21.52498288843258, ""P2_Rank_Volatility_90d"": 14.379472548366675, ""P1_Days_Since_Last"": 3.0, ""Grass_Season"": 1.0, ""P1_Semifinals_WinRate"": 0.6875, ""Level_A"": 0.0, ""Level_D"": 0.0, ""P1_Country_USA"": 0.0, ""P1_Country_GBR"": 0.0, ""P1_Country_FRA"": 0.0, ""P2_Matches_14d"": 8.0, ""P2_Country_USA"": 0.0, ""P2_Country_ITA"": 0.0, ""Round_Q2"": 0.0, ""P2_Surface_WinRate_90d"": 0.5, ""P1_Hand_L"": 0.0, ""P2_Hand_L"": 1.0, ""P1_Country_ITA"": 0.0, ""P2_Rust_Flag"": 0.0, ""P1_Rank_Change_90d"": -11.0, ""P1_Country_AUS"": 0.0, ""P1_Hand_U"": 0.0, ""P1_Hand_R"": 1.0, ""Round_RR"": 0.0, ""Avg_Height"": 180.5, ""P1_Sets_14d"": 24.0, ""P2_Country_Other"": 0.0, ""Round_SF"": 0.0, ""P1_vs_Lefty_WinRate"": 0.6339285714285714, ""Indoor_Season"": 0.0, ""Avg_Rank"": 124.5, ""P1_Rust_Flag"": 0.0, ""Avg_Rank_Points"": 499.5, ""Level_F"": 0.0, ""Round_R64"": 0.0, ""P2_Country_CZE"": 0.0, ""P2_Hand_R"": 0.0, ""Surface_Hard"": 1.0, ""P1_Matches_14d"": 7.0, ""Surface_Carpet"": 0.0, ""Round_R128"": 0.0, ""P1_Country_SRB"": 0.0, ""P2_Hand_U"": 0.0, ""P1_Rank_Volatility_90d"": 5.456118654247794, ""Level_M"": 0.0, ""P2_Country_ESP"": 0.0, ""Handedness_Matchup_LR"": 0.0, ""P1_Country_CZE"": 0.0, ""P2_Country_SUI"": 0.0, ""Surface_Grass"": 0.0, ""H2H_Total_Matches"": 0.0, ""Level_O"": 0.0, ""P1_Hand_A"": 0.0, ""P1_Finals_WinRate"": 0.4722222222222222, ""Rank_Momentum_Diff_90d"": -43.0, ""P2_Finals_WinRate"": 0.6304347826086957, ""Round_Q4"": 0.0, ""Level_G"": 0.0, ""Round_ER"": 0.0, ""Level_S"": 0.0, ""Round_BR"": 0.0, ""Round_Q3"": 0.0, ""Rank_Ratio"": 1.075, ""P1_Country_SUI"": 0.0, ""Clay_Season"": 0.0, ""P1_Country_GER"": 0.0, ""P2_Rank_Change_30d"": 0.0, ""P1_Country_ESP"": 0.0, ""P2_Hand_A"": 0.0, ""H2H_Recent_P1_Advantage"": 0.0, ""P2_Country_AUS"": 0.0, ""P2_Country_SRB"": 0.0, ""P2_Country_GBR"": 0.0, ""P2_Country_ARG"": 1.0, ""Handedness_Matchup_RR"": 0.0, ""P1_Rank_Change_30d"": 0.0, ""P2_Country_GER"": 0.0, ""Handedness_Matchup_LL"": 0.0, ""P2_Country_RUS"": 0.0, ""P1_Country_ARG"": 0.0, ""Level_C"": 1.0, ""P2_Semifinals_WinRate"": 0.5657894736842105, ""P2_Days_Since_Last"": 3.0, ""P1_Peak_Age"": 0.0, ""P2_Peak_Age"": 1.0, ""H2H_P1_WinRate"": 0.5, ""P1_Country_Other"": 1.0, ""H2H_P1_Wins"": 0.0, ""P1_BigMatch_WinRate"": 0.6212121212121212, ""P2_Rank_Change_90d"": 32.0, ""P2_BigMatch_WinRate"": 0.25757575757575757, ""P2_Country_FRA"": 0.0, ""_defaulted_features"": """"}"
niels mcdonald,martin krumich,2026-07-09,2026-07-09T05:19:34+00:00,run_20260709T051522Z,False,"{""P2_WinStreak_Current"": 2.0, ""P1_WinStreak_Current"": -1.0, ""P2_Surface_Matches_30d"": 0.0, ""Height_Diff"": 3.0, ""P1_Surface_Matches_30d"": 0.0, ""Player2_Height"": 188.0, ""P1_Matches_30d"": 3.0, ""P2_Matches_30d"": 2.0, ""P2_Surface_Experience"": 77.0, ""P2_Form_Trend_30d"": 0.5, ""Player1_Height"": 191.0, ""P1_Form_Trend_30d"": 0.6666666666666666, ""Round_R16"": 1.0, ""Surface_Transition_Flag"": 0.0, ""P1_Surface_Matches_90d"": 0.0, ""P1_Surface_Experience"": 10.0, ""Rank_Diff"": 287.0, ""Round_R32"": 0.0, ""Rank_Points_Diff"": -129.0, ""P2_Level_WinRate_Career"": 0.4925925925925926, ""P2_Surface_Matches_90d"": 0.0, ""P1_Level_WinRate_Career"": 0.34375, ""P2_Level_Matches_Career"": 132.0, ""P2_WinRate_Last10_120d"": 0.5769230769230769, ""Round_QF"": 0.0, ""Level_25"": 0.0, ""P1_Round_WinRate_Career"": 0.45, ""P1_Surface_WinRate_90d"": 0.5, ""Round_Q1"": 0.0, ""Player1_Rank"": 569.0, ""P1_Level_Matches_Career"": 13.0, ""P2_Round_WinRate_Career"": 0.5878378378378378, ""draw_size"": 32.0, ""P1_WinRate_Last10_120d"": 0.7307692307692307, ""Age_Diff"": -5.084188911704313, ""Level_15"": 0.0, ""Player1_Rank_Points"": 70.0, ""Handedness_Matchup_RL"": 0.0, ""Player2_Rank"": 282.0, ""Avg_Age"": 20.992470910335385, ""P1_Country_RUS"": 0.0, ""Player2_Age"": 23.534565366187543, ""P2_vs_Lefty_WinRate"": 0.43333333333333335, ""Round_F"": 0.0, ""Surface_Clay"": 0.0, ""P2_Sets_14d"": 6.0, ""Rank_Momentum_Diff_30d"": 0.0, ""H2H_P2_Wins"": 0.0, ""Player2_Rank_Points"": 199.0, ""Player1_Age"": 18.45037645448323, ""P2_Rank_Volatility_90d"": 10.128585058838063, ""P1_Days_Since_Last"": 3.0, ""Grass_Season"": 1.0, ""P1_Semifinals_WinRate"": 0.625, ""Level_A"": 0.0, ""Level_D"": 0.0, ""P1_Country_USA"": 0.0, ""P1_Country_GBR"": 0.0, ""P1_Country_FRA"": 0.0, ""P2_Matches_14d"": 2.0, ""P2_Country_USA"": 0.0, ""P2_Country_ITA"": 0.0, ""Round_Q2"": 0.0, ""P2_Surface_WinRate_90d"": 0.5, ""P1_Hand_L"": 0.0, ""P2_Hand_L"": 0.0, ""P1_Country_ITA"": 0.0, ""P2_Rust_Flag"": 0.0, ""P1_Rank_Change_90d"": 24.0, ""P1_Country_AUS"": 0.0, ""P1_Hand_U"": 1.0, ""P1_Hand_R"": 0.0, ""Round_RR"": 0.0, ""Avg_Height"": 189.5, ""P1_Sets_14d"": 6.0, ""P2_Country_Other"": 0.0, ""Round_SF"": 0.0, ""P1_vs_Lefty_WinRate"": 0.35714285714285715, ""Indoor_Season"": 0.0, ""Avg_Rank"": 425.5, ""P1_Rust_Flag"": 0.0, ""Avg_Rank_Points"": 134.5, ""Level_F"": 0.0, ""Round_R64"": 0.0, ""P2_Country_CZE"": 1.0, ""P2_Hand_R"": 1.0, ""Surface_Hard"": 1.0, ""P1_Matches_14d"": 3.0, ""Surface_Carpet"": 0.0, ""Round_R128"": 0.0, ""P1_Country_SRB"": 0.0, ""P2_Hand_U"": 0.0, ""P1_Rank_Volatility_90d"": 3.528026317499587, ""Level_M"": 0.0, ""P2_Country_ESP"": 0.0, ""Handedness_Matchup_LR"": 0.0, ""P1_Country_CZE"": 0.0, ""P2_Country_SUI"": 0.0, ""Surface_Grass"": 0.0, ""H2H_Total_Matches"": 0.0, ""Level_O"": 0.0, ""P1_Hand_A"": 0.0, ""P1_Finals_WinRate"": 0.625, ""Rank_Momentum_Diff_90d"": 3.0, ""P2_Finals_WinRate"": 0.5, ""Round_Q4"": 0.0, ""Level_G"": 0.0, ""Round_ER"": 0.0, ""Level_S"": 0.0, ""Round_BR"": 0.0, ""Round_Q3"": 0.0, ""Rank_Ratio"": 2.017730496453901, ""P1_Country_SUI"": 0.0, ""Clay_Season"": 0.0, ""P1_Country_GER"": 1.0, ""P2_Rank_Change_30d"": 0.0, ""P1_Country_ESP"": 0.0, ""P2_Hand_A"": 0.0, ""H2H_Recent_P1_Advantage"": 0.0, ""P2_Country_AUS"": 0.0, ""P2_Country_SRB"": 0.0, ""P2_Country_GBR"": 0.0, ""P2_Country_ARG"": 0.0, ""Handedness_Matchup_RR"": 0.0, ""P1_Rank_Change_30d"": 0.0, ""P2_Country_GER"": 0.0, ""Handedness_Matchup_LL"": 0.0, ""P2_Country_RUS"": 0.0, ""P1_Country_ARG"": 0.0, ""Level_C"": 1.0, ""P2_Semifinals_WinRate"": 0.44642857142857145, ""P2_Days_Since_Last"": 3.0, ""P1_Peak_Age"": 0.0, ""P2_Peak_Age"": 0.0, ""H2H_P1_WinRate"": 0.5, ""P1_Country_Other"": 0.0, ""H2H_P1_Wins"": 0.0, ""P1_BigMatch_WinRate"": 0.5, ""P2_Rank_Change_90d"": 21.0, ""P2_BigMatch_WinRate"": 0.5, ""P2_Country_FRA"": 0.0, ""_defaulted_features"": """"}"
hugo gaston,mika petkovic,2026-07-09,2026-07-09T05:19:34+00:00,run_20260709T051522Z,False,"{""P2_WinStreak_Current"": 5.0, ""P1_WinStreak_Current"": 2.0, ""P2_Surface_Matches_30d"": 0.0, ""Height_Diff"": -7.0, ""P1_Surface_Matches_30d"": 0.0, ""Player2_Height"": 180.0, ""P1_Matches_30d"": 9.0, ""P2_Matches_30d"": 5.0, ""P2_Surface_Experience"": 38.0, ""P2_Form_Trend_30d"": 1.0, ""Player1_Height"": 173.0, ""P1_Form_Trend_30d"": 0.917998459081224, ""Round_R16"": 1.0, ""Surface_Transition_Flag"": 0.0, ""P1_Surface_Matches_90d"": 0.0, ""P1_Surface_Experience"": 241.0, ""Rank_Diff"": -377.0, ""Round_R32"": 0.0, ""Rank_Points_Diff"": 443.0, ""P2_Level_WinRate_Career"": 0.6176470588235294, ""P2_Surface_Matches_90d"": 0.0, ""P1_Level_WinRate_Career"": 0.6191588785046729, ""P2_Level_Matches_Career"": 14.0, ""P2_WinRate_Last10_120d"": 0.7307692307692307, ""Round_QF"": 0.0, ""Level_25"": 0.0, ""P1_Round_WinRate_Career"": 0.5611111111111111, ""P1_Surface_WinRate_90d"": 0.5, ""Round_Q1"": 0.0, ""Player1_Rank"": 118.0, ""P1_Level_Matches_Career"": 211.0, ""P2_Round_WinRate_Career"": 0.6041666666666666, ""draw_size"": 32.0, ""P1_WinRate_Last10_120d"": 0.7307692307692307, ""Age_Diff"": 6.255989048596852, ""Level_15"": 0.0, ""Player1_Rank_Points"": 533.0, ""Handedness_Matchup_RL"": 0.0, ""Player2_Rank"": 495.0, ""Avg_Age"": 22.654346338124572, ""P1_Country_RUS"": 0.0, ""Player2_Age"": 19.526351813826146, ""P2_vs_Lefty_WinRate"": 0.53125, ""Round_F"": 0.0, ""Surface_Clay"": 0.0, ""P2_Sets_14d"": 10.0, ""Rank_Momentum_Diff_30d"": 0.0, ""H2H_P2_Wins"": 0.0, ""Player2_Rank_Points"": 90.0, ""Player1_Age"": 25.782340862423, ""P2_Rank_Volatility_90d"": 35.977786186772235, ""P1_Days_Since_Last"": 3.0, ""Grass_Season"": 1.0, ""P1_Semifinals_WinRate"": 0.5875, ""Level_A"": 0.0, ""Level_D"": 0.0, ""P1_Country_USA"": 0.0, ""P1_Country_GBR"": 0.0, ""P1_Country_FRA"": 1.0, ""P2_Matches_14d"": 5.0, ""P2_Country_USA"": 0.0, ""P2_Country_ITA"": 0.0, ""Round_Q2"": 0.0, ""P2_Surface_WinRate_90d"": 0.5, ""P1_Hand_L"": 1.0, ""P2_Hand_L"": 0.0, ""P1_Country_ITA"": 0.0, ""P2_Rust_Flag"": 0.0, ""P1_Rank_Change_90d"": -1.0, ""P1_Country_AUS"": 0.0, ""P1_Hand_U"": 0.0, ""P1_Hand_R"": 0.0, ""Round_RR"": 0.0, ""Avg_Height"": 176.5, ""P1_Sets_14d"": 20.0, ""P2_Country_Other"": 0.0, ""Round_SF"": 0.0, ""P1_vs_Lefty_WinRate"": 0.48125, ""Indoor_Season"": 0.0, ""Avg_Rank"": 306.5, ""P1_Rust_Flag"": 0.0, ""Avg_Rank_Points"": 311.5, ""Level_F"": 0.0, ""Round_R64"": 0.0, ""P2_Country_CZE"": 0.0, ""P2_Hand_R"": 0.0, ""Surface_Hard"": 1.0, ""P1_Matches_14d"": 7.0, ""Surface_Carpet"": 0.0, ""Round_R128"": 0.0, ""P1_Country_SRB"": 0.0, ""P2_Hand_U"": 1.0, ""P1_Rank_Volatility_90d"": 1.7177163475234933, ""Level_M"": 0.0, ""P2_Country_ESP"": 0.0, ""Handedness_Matchup_LR"": 0.0, ""P1_Country_CZE"": 0.0, ""P2_Country_SUI"": 0.0, ""Surface_Grass"": 0.0, ""H2H_Total_Matches"": 0.0, ""Level_O"": 0.0, ""P1_Hand_A"": 0.0, ""P1_Finals_WinRate"": 0.46, ""Rank_Momentum_Diff_90d"": -103.0, ""P2_Finals_WinRate"": 0.5, ""Round_Q4"": 0.0, ""Level_G"": 0.0, ""Round_ER"": 0.0, ""Level_S"": 0.0, ""Round_BR"": 0.0, ""Round_Q3"": 0.0, ""Rank_Ratio"": 4.194915254237288, ""P1_Country_SUI"": 0.0, ""Clay_Season"": 0.0, ""P1_Country_GER"": 0.0, ""P2_Rank_Change_30d"": 0.0, ""P1_Country_ESP"": 0.0, ""P2_Hand_A"": 0.0, ""H2H_Recent_P1_Advantage"": 0.0, ""P2_Country_AUS"": 0.0, ""P2_Country_SRB"": 0.0, ""P2_Country_GBR"": 0.0, ""P2_Country_ARG"": 0.0, ""Handedness_Matchup_RR"": 0.0, ""P1_Rank_Change_30d"": 0.0, ""P2_Country_GER"": 1.0, ""Handedness_Matchup_LL"": 0.0, ""P2_Country_RUS"": 0.0, ""P1_Country_ARG"": 0.0, ""Level_C"": 1.0, ""P2_Semifinals_WinRate"": 0.55, ""P2_Days_Since_Last"": 3.0, ""P1_Peak_Age"": 1.0, ""P2_Peak_Age"": 0.0, ""H2H_P1_WinRate"": 0.5, ""P1_Country_Other"": 0.0, ""H2H_P1_Wins"": 0.0, ""P1_BigMatch_WinRate"": 0.45089285714285715, ""P2_Rank_Change_90d"": 102.0, ""P2_BigMatch_WinRate"": 0.5, ""P2_Country_FRA"": 0.0, ""_defaulted_features"": ""Player2_Height=default""}"
marvin moeller,adolfo daniel vallejo,2026-07-09,2026-07-09T05:19:35+00:00,run_20260709T051522Z,False,"{""P2_WinStreak_Current"": 2.0, ""P1_WinStreak_Current"": 7.0, ""P2_Surface_Matches_30d"": 0.0, ""Height_Diff"": -5.0, ""P1_Surface_Matches_30d"": 0.0, ""Player2_Height"": 183.0, ""P1_Matches_30d"": 7.0, ""P2_Matches_30d"": 4.0, ""P2_Surface_Experience"": 27.0, ""P2_Form_Trend_30d"": 0.662179340790242, ""Player1_Height"": 178.0, ""P1_Form_Trend_30d"": 1.0, ""Round_R16"": 1.0, ""Surface_Transition_Flag"": 0.0, ""P1_Surface_Matches_90d"": 0.0, ""P1_Surface_Experience"": 174.0, ""Rank_Diff"": 300.0, ""Round_R32"": 0.0, ""Rank_Points_Diff"": -694.0, ""P2_Level_WinRate_Career"": 0.5692771084337349, ""P2_Surface_Matches_90d"": 0.0, ""P1_Level_WinRate_Career"": 0.5708333333333333, ""P2_Level_Matches_Career"": 163.0, ""P2_WinRate_Last10_120d"": 0.5769230769230769, ""Round_QF"": 0.0, ""Level_25"": 0.0, ""P1_Round_WinRate_Career"": 0.6647727272727273, ""P1_Surface_WinRate_90d"": 0.5, ""Round_Q1"": 0.0, ""Player1_Rank"": 372.0, ""P1_Level_Matches_Career"": 117.0, ""P2_Round_WinRate_Career"": 0.45121951219512196, ""draw_size"": 32.0, ""P1_WinRate_Last10_120d"": 0.8076923076923077, ""Age_Diff"": 5.27583846680356, ""Level_15"": 0.0, ""Player1_Rank_Points"": 134.0, ""Handedness_Matchup_RL"": 0.0, ""Player2_Rank"": 72.0, ""Avg_Age"": 24.833675564681727, ""P1_Country_RUS"": 0.0, ""Player2_Age"": 22.195756331279945, ""P2_vs_Lefty_WinRate"": 0.6212121212121212, ""Round_F"": 0.0, ""Surface_Clay"": 0.0, ""P2_Sets_14d"": 8.0, ""Rank_Momentum_Diff_30d"": 0.0, ""H2H_P2_Wins"": 0.0, ""Player2_Rank_Points"": 828.0, ""Player1_Age"": 27.471594798083505, ""P2_Rank_Volatility_90d"": 9.970432478559987, ""P1_Days_Since_Last"": 3.0, ""Grass_Season"": 1.0, ""P1_Semifinals_WinRate"": 0.6515151515151515, ""Level_A"": 0.0, ""Level_D"": 0.0, ""P1_Country_USA"": 0.0, ""P1_Country_GBR"": 0.0, ""P1_Country_FRA"": 0.0, ""P2_Matches_14d"": 3.0, ""P2_Country_USA"": 0.0, ""P2_Country_ITA"": 0.0, ""Round_Q2"": 0.0, ""P2_Surface_WinRate_90d"": 0.5, ""P1_Hand_L"": 0.0, ""P2_Hand_L"": 0.0, ""P1_Country_ITA"": 0.0, ""P2_Rust_Flag"": 0.0, ""P1_Rank_Change_90d"": 53.0, ""P1_Country_AUS"": 0.0, ""P1_Hand_U"": 0.0, ""P1_Hand_R"": 1.0, ""Round_RR"": 0.0, ""Avg_Height"": 180.5, ""P1_Sets_14d"": 17.0, ""P2_Country_Other"": 1.0, ""Round_SF"": 0.0, ""P1_vs_Lefty_WinRate"": 0.61, ""Indoor_Season"": 0.0, ""Avg_Rank"": 222.0, ""P1_Rust_Flag"": 0.0, ""Avg_Rank_Points"": 481.0, ""Level_F"": 0.0, ""Round_R64"": 0.0, ""P2_Country_CZE"": 0.0, ""P2_Hand_R"": 1.0, ""Surface_Hard"": 1.0, ""P1_Matches_14d"": 7.0, ""Surface_Carpet"": 0.0, ""Round_R128"": 0.0, ""P1_Country_SRB"": 0.0, ""P2_Hand_U"": 0.0, ""P1_Rank_Volatility_90d"": 3.948477705455127, ""Level_M"": 0.0, ""P2_Country_ESP"": 0.0, ""Handedness_Matchup_LR"": 0.0, ""P1_Country_CZE"": 0.0, ""P2_Country_SUI"": 0.0, ""Surface_Grass"": 0.0, ""H2H_Total_Matches"": 0.0, ""Level_O"": 0.0, ""P1_Hand_A"": 0.0, ""P1_Finals_WinRate"": 0.4791666666666667, ""Rank_Momentum_Diff_90d"": 23.0, ""P2_Finals_WinRate"": 0.4642857142857143, ""Round_Q4"": 0.0, ""Level_G"": 0.0, ""Round_ER"": 0.0, ""Level_S"": 0.0, ""Round_BR"": 0.0, ""Round_Q3"": 0.0, ""Rank_Ratio"": 5.166666666666667, ""P1_Country_SUI"": 0.0, ""Clay_Season"": 0.0, ""P1_Country_GER"": 1.0, ""P2_Rank_Change_30d"": 0.0, ""P1_Country_ESP"": 0.0, ""P2_Hand_A"": 0.0, ""H2H_Recent_P1_Advantage"": 0.0, ""P2_Country_AUS"": 0.0, ""P2_Country_SRB"": 0.0, ""P2_Country_GBR"": 0.0, ""P2_Country_ARG"": 0.0, ""Handedness_Matchup_RR"": 1.0, ""P1_Rank_Change_30d"": 0.0, ""P2_Country_GER"": 0.0, ""Handedness_Matchup_LL"": 0.0, ""P2_Country_RUS"": 0.0, ""P1_Country_ARG"": 0.0, ""Level_C"": 1.0, ""P2_Semifinals_WinRate"": 0.7352941176470589, ""P2_Days_Since_Last"": 3.0, ""P1_Peak_Age"": 1.0, ""P2_Peak_Age"": 0.0, ""H2H_P1_WinRate"": 0.5, ""P1_Country_Other"": 0.0, ""H2H_P1_Wins"": 0.0, ""P1_BigMatch_WinRate"": 0.5, ""P2_Rank_Change_90d"": 30.0, ""P2_BigMatch_WinRate"": 0.5588235294117647, ""P2_Country_FRA"": 0.0, ""_defaulted_features"": """"}"
filip jeff planinsek,felix gill,2026-07-09,2026-07-09T05:21:18+00:00,run_20260709T051522Z,False,"{""P2_WinStreak_Current"": 2.0, ""P1_WinStreak_Current"": 1.0, ""P2_Surface_Matches_30d"": 0.0, ""Height_Diff"": 13.0, ""P1_Surface_Matches_30d"": 0.0, ""Player2_Height"": 175.0, ""P1_Matches_30d"": 1.0, ""P2_Matches_30d"": 5.0, ""P2_Surface_Experience"": 45.0, ""P2_Form_Trend_30d"": 0.545990966355723, ""Player1_Height"": 188.0, ""P1_Form_Trend_30d"": 0.5, ""Round_R16"": 1.0, ""Surface_Transition_Flag"": 0.0, ""P1_Surface_Matches_90d"": 4.0, ""P1_Surface_Experience"": 44.0, ""Rank_Diff"": 345.0, ""Round_R32"": 0.0, ""Rank_Points_Diff"": -189.0, ""P2_Level_WinRate_Career"": 0.5898876404494382, ""P2_Surface_Matches_90d"": 0.0, ""P1_Level_WinRate_Career"": 0.2692307692307692, ""P2_Level_Matches_Career"": 86.0, ""P2_WinRate_Last10_120d"": 0.34615384615384615, ""Round_QF"": 0.0, ""Level_25"": 0.0, ""P1_Round_WinRate_Career"": 0.65, ""P1_Surface_WinRate_90d"": 0.6428571428571429, ""Round_Q1"": 0.0, ""Player1_Rank"": 565.0, ""P1_Level_Matches_Career"": 10.0, ""P2_Round_WinRate_Career"": 0.58125, ""draw_size"": 32.0, ""P1_WinRate_Last10_120d"": 0.5, ""Age_Diff"": 0.9226557152635166, ""Level_15"": 0.0, ""Player1_Rank_Points"": 71.0, ""Handedness_Matchup_RL"": 1.0, ""Player2_Rank"": 220.0, ""Avg_Age"": 24.56536618754278, ""P1_Country_RUS"": 0.0, ""Player2_Age"": 24.10403832991102, ""P2_vs_Lefty_WinRate"": 0.625, ""Round_F"": 0.0, ""Surface_Clay"": 0.0, ""P2_Sets_14d"": 11.0, ""Rank_Momentum_Diff_30d"": 0.0, ""H2H_P2_Wins"": 0.0, ""Player2_Rank_Points"": 260.0, ""Player1_Age"": 25.026694045174537, ""P2_Rank_Volatility_90d"": 5.431390245600108, ""P1_Days_Since_Last"": 3.0, ""Grass_Season"": 1.0, ""P1_Semifinals_WinRate"": 0.3181818181818182, ""Level_A"": 0.0, ""Level_D"": 0.0, ""P1_Country_USA"": 0.0, ""P1_Country_GBR"": 0.0, ""P1_Country_FRA"": 0.0, ""P2_Matches_14d"": 4.0, ""P2_Country_USA"": 0.0, ""P2_Country_ITA"": 0.0, ""Round_Q2"": 0.0, ""P2_Surface_WinRate_90d"": 0.5, ""P1_Hand_L"": 0.0, ""P2_Hand_L"": 1.0, ""P1_Country_ITA"": 0.0, ""P2_Rust_Flag"": 0.0, ""P1_Rank_Change_90d"": 21.0, ""P1_Country_AUS"": 0.0, ""P1_Hand_U"": 0.0, ""P1_Hand_R"": 1.0, ""Round_RR"": 0.0, ""Avg_Height"": 181.5, ""P1_Sets_14d"": 2.0, ""P2_Country_Other"": 0.0, ""Round_SF"": 0.0, ""P1_vs_Lefty_WinRate"": 0.65, ""Indoor_Season"": 0.0, ""Avg_Rank"": 392.5, ""P1_Rust_Flag"": 0.0, ""Avg_Rank_Points"": 165.5, ""Level_F"": 0.0, ""Round_R64"": 0.0, ""P2_Country_CZE"": 0.0, ""P2_Hand_R"": 0.0, ""Surface_Hard"": 1.0, ""P1_Matches_14d"": 1.0, ""Surface_Carpet"": 0.0, ""Round_R128"": 0.0, ""P1_Country_SRB"": 0.0, ""P2_Hand_U"": 0.0, ""P1_Rank_Volatility_90d"": 13.177843357528406, ""Level_M"": 0.0, ""P2_Country_ESP"": 0.0, ""Handedness_Matchup_LR"": 0.0, ""P1_Country_CZE"": 0.0, ""P2_Country_SUI"": 0.0, ""Surface_Grass"": 0.0, ""H2H_Total_Matches"": 0.0, ""Level_O"": 0.0, ""P1_Hand_A"": 0.0, ""P1_Finals_WinRate"": 0.5, ""Rank_Momentum_Diff_90d"": 33.0, ""P2_Finals_WinRate"": 0.4772727272727273, ""Round_Q4"": 0.0, ""Level_G"": 0.0, ""Round_ER"": 0.0, ""Level_S"": 0.0, ""Round_BR"": 0.0, ""Round_Q3"": 0.0, ""Rank_Ratio"": 2.5681818181818183, ""P1_Country_SUI"": 0.0, ""Clay_Season"": 0.0, ""P1_Country_GER"": 0.0, ""P2_Rank_Change_30d"": 0.0, ""P1_Country_ESP"": 0.0, ""P2_Hand_A"": 0.0, ""H2H_Recent_P1_Advantage"": 0.0, ""P2_Country_AUS"": 0.0, ""P2_Country_SRB"": 0.0, ""P2_Country_GBR"": 1.0, ""P2_Country_ARG"": 0.0, ""Handedness_Matchup_RR"": 0.0, ""P1_Rank_Change_30d"": 0.0, ""P2_Country_GER"": 0.0, ""Handedness_Matchup_LL"": 0.0, ""P2_Country_RUS"": 0.0, ""P1_Country_ARG"": 0.0, ""Level_C"": 1.0, ""P2_Semifinals_WinRate"": 0.6212121212121212, ""P2_Days_Since_Last"": 3.0, ""P1_Peak_Age"": 1.0, ""P2_Peak_Age"": 1.0, ""H2H_P1_WinRate"": 0.5, ""P1_Country_Other"": 1.0, ""H2H_P1_Wins"": 0.0, ""P1_BigMatch_WinRate"": 0.5, ""P2_Rank_Change_90d"": -12.0, ""P2_BigMatch_WinRate"": 0.3125, ""P2_Country_FRA"": 0.0, ""_defaulted_features"": """"}"
johannus monday,arda azkara,2026-07-09,2026-07-09T05:21:19+00:00,run_20260709T051522Z,False,"{""P2_WinStreak_Current"": 2.0, ""P1_WinStreak_Current"": 2.0, ""P2_Surface_Matches_30d"": 0.0, ""Height_Diff"": 18.0, ""P1_Surface_Matches_30d"": 0.0, ""Player2_Height"": 180.0, ""P1_Matches_30d"": 5.0, ""P2_Matches_30d"": 2.0, ""P2_Surface_Experience"": 79.0, ""P2_Form_Trend_30d"": 0.5, ""Player1_Height"": 198.0, ""P1_Form_Trend_30d"": 0.5021942221237625, ""Round_R16"": 1.0, ""Surface_Transition_Flag"": 0.0, ""P1_Surface_Matches_90d"": 8.0, ""P1_Surface_Experience"": 151.0, ""Rank_Diff"": -384.0, ""Round_R32"": 0.0, ""Rank_Points_Diff"": 127.0, ""P2_Level_WinRate_Career"": 0.5476190476190477, ""P2_Surface_Matches_90d"": 9.0, ""P1_Level_WinRate_Career"": 0.5297619047619048, ""P2_Level_Matches_Career"": 18.0, ""P2_WinRate_Last10_120d"": 0.6538461538461539, ""Round_QF"": 0.0, ""Level_25"": 0.0, ""P1_Round_WinRate_Career"": 0.6785714285714286, ""P1_Surface_WinRate_90d"": 0.6818181818181818, ""Round_Q1"": 0.0, ""Player1_Rank"": 313.0, ""P1_Level_Matches_Career"": 81.0, ""P2_Round_WinRate_Career"": 0.5961538461538461, ""draw_size"": 32.0, ""P1_WinRate_Last10_120d"": 0.5, ""Age_Diff"": 1.1389459274469544, ""Level_15"": 0.0, ""Player1_Rank_Points"": 174.0, ""Handedness_Matchup_RL"": 0.0, ""Player2_Rank"": 697.0, ""Avg_Age"": 23.890485968514717, ""P1_Country_RUS"": 0.0, ""Player2_Age"": 23.32101300479124, ""P2_vs_Lefty_WinRate"": 0.4583333333333333, ""Round_F"": 0.0, ""Surface_Clay"": 0.0, ""P2_Sets_14d"": 4.0, ""Rank_Momentum_Diff_30d"": 0.0, ""H2H_P2_Wins"": 0.0, ""Player2_Rank_Points"": 47.0, ""Player1_Age"": 24.459958932238195, ""P2_Rank_Volatility_90d"": 7.378647873726218, ""P1_Days_Since_Last"": 3.0, ""Grass_Season"": 1.0, ""P1_Semifinals_WinRate"": 0.575, ""Level_A"": 0.0, ""Level_D"": 0.0, ""P1_Country_USA"": 0.0, ""P1_Country_GBR"": 1.0, ""P1_Country_FRA"": 0.0, ""P2_Matches_14d"": 2.0, ""P2_Country_USA"": 0.0, ""P2_Country_ITA"": 0.0, ""Round_Q2"": 0.0, ""P2_Surface_WinRate_90d"": 0.625, ""P1_Hand_L"": 1.0, ""P2_Hand_L"": 0.0, ""P1_Country_ITA"": 0.0, ""P2_Rust_Flag"": 0.0, ""P1_Rank_Change_90d"": -54.0, ""P1_Country_AUS"": 0.0, ""P1_Hand_U"": 0.0, ""P1_Hand_R"": 0.0, ""Round_RR"": 0.0, ""Avg_Height"": 189.0, ""P1_Sets_14d"": 6.0, ""P2_Country_Other"": 1.0, ""Round_SF"": 0.0, ""P1_vs_Lefty_WinRate"": 0.7258064516129032, ""Indoor_Season"": 0.0, ""Avg_Rank"": 505.0, ""P1_Rust_Flag"": 0.0, ""Avg_Rank_Points"": 110.5, ""Level_F"": 0.0, ""Round_R64"": 0.0, ""P2_Country_CZE"": 0.0, ""P2_Hand_R"": 0.0, ""Surface_Hard"": 1.0, ""P1_Matches_14d"": 3.0, ""Surface_Carpet"": 0.0, ""Round_R128"": 0.0, ""P1_Country_SRB"": 0.0, ""P2_Hand_U"": 1.0, ""P1_Rank_Volatility_90d"": 2.8982753492378874, ""Level_M"": 0.0, ""P2_Country_ESP"": 0.0, ""Handedness_Matchup_LR"": 0.0, ""P1_Country_CZE"": 0.0, ""P2_Country_SUI"": 0.0, ""Surface_Grass"": 0.0, ""H2H_Total_Matches"": 0.0, ""Level_O"": 0.0, ""P1_Hand_A"": 0.0, ""P1_Finals_WinRate"": 0.7307692307692307, ""Rank_Momentum_Diff_90d"": -33.0, ""P2_Finals_WinRate"": 0.4375, ""Round_Q4"": 0.0, ""Level_G"": 0.0, ""Round_ER"": 0.0, ""Level_S"": 0.0, ""Round_BR"": 0.0, ""Round_Q3"": 0.0, ""Rank_Ratio"": 2.2268370607028753, ""P1_Country_SUI"": 0.0, ""Clay_Season"": 0.0, ""P1_Country_GER"": 0.0, ""P2_Rank_Change_30d"": 0.0, ""P1_Country_ESP"": 0.0, ""P2_Hand_A"": 0.0, ""H2H_Recent_P1_Advantage"": 0.0, ""P2_Country_AUS"": 0.0, ""P2_Country_SRB"": 0.0, ""P2_Country_GBR"": 0.0, ""P2_Country_ARG"": 0.0, ""Handedness_Matchup_RR"": 0.0, ""P1_Rank_Change_30d"": 0.0, ""P2_Country_GER"": 0.0, ""Handedness_Matchup_LL"": 0.0, ""P2_Country_RUS"": 0.0, ""P1_Country_ARG"": 0.0, ""Level_C"": 1.0, ""P2_Semifinals_WinRate"": 0.65, ""P2_Days_Since_Last"": 3.0, ""P1_Peak_Age"": 1.0, ""P2_Peak_Age"": 0.0, ""H2H_P1_WinRate"": 0.5, ""P1_Country_Other"": 0.0, ""H2H_P1_Wins"": 0.0, ""P1_BigMatch_WinRate"": 0.2777777777777778, ""P2_Rank_Change_90d"": -21.0, ""P2_BigMatch_WinRate"": 0.5, ""P2_Country_FRA"": 0.0, ""_defaulted_features"": ""Player2_Height=default""}"
amit vales,henry searle,2026-07-09,2026-07-09T05:21:20+00:00,run_20260709T051522Z,False,"{""P2_WinStreak_Current"": 2.0, ""P1_WinStreak_Current"": 9.0, ""P2_Surface_Matches_30d"": 0.0, ""Height_Diff"": -20.0, ""P1_Surface_Matches_30d"": 0.0, ""Player2_Height"": 193.0, ""P1_Matches_30d"": 10.0, ""P2_Matches_30d"": 6.0, ""P2_Surface_Experience"": 144.0, ""P2_Form_Trend_30d"": 0.6838953416467939, ""Player1_Height"": 173.0, ""P1_Form_Trend_30d"": 0.8811103940050848, ""Round_R16"": 1.0, ""Surface_Transition_Flag"": 0.0, ""P1_Surface_Matches_90d"": 11.0, ""P1_Surface_Experience"": 118.0, ""Rank_Diff"": 452.0, ""Round_R32"": 0.0, ""Rank_Points_Diff"": -161.0, ""P2_Level_WinRate_Career"": 0.5175438596491229, ""P2_Surface_Matches_90d"": 16.0, ""P1_Level_WinRate_Career"": 0.625, ""P2_Level_Matches_Career"": 54.0, ""P2_WinRate_Last10_120d"": 0.5769230769230769, ""Round_QF"": 0.0, ""Level_25"": 0.0, ""P1_Round_WinRate_Career"": 0.4861111111111111, ""P1_Surface_WinRate_90d"": 0.5357142857142857, ""Round_Q1"": 0.0, ""Player1_Rank"": 725.0, ""P1_Level_Matches_Career"": 25.0, ""P2_Round_WinRate_Career"": 0.6627906976744186, ""draw_size"": 32.0, ""P1_WinRate_Last10_120d"": 0.8076923076923077, ""Age_Diff"": 0.8076659822039716, ""Level_15"": 0.0, ""Player1_Rank_Points"": 45.0, ""Handedness_Matchup_RL"": 0.0, ""Player2_Rank"": 273.0, ""Avg_Age"": 20.68309377138946, ""P1_Country_RUS"": 0.0, ""Player2_Age"": 20.279260780287473, ""P2_vs_Lefty_WinRate"": 0.5, ""Round_F"": 0.0, ""Surface_Clay"": 0.0, ""P2_Sets_14d"": 10.0, ""Rank_Momentum_Diff_30d"": 0.0, ""H2H_P2_Wins"": 1.0, ""Player2_Rank_Points"": 206.0, ""Player1_Age"": 21.086926762491444, ""P2_Rank_Volatility_90d"": 24.031569650550942, ""P1_Days_Since_Last"": 3.0, ""Grass_Season"": 1.0, ""P1_Semifinals_WinRate"": 0.5, ""Level_A"": 0.0, ""Level_D"": 0.0, ""P1_Country_USA"": 0.0, ""P1_Country_GBR"": 0.0, ""P1_Country_FRA"": 0.0, ""P2_Matches_14d"": 4.0, ""P2_Country_USA"": 0.0, ""P2_Country_ITA"": 0.0, ""Round_Q2"": 0.0, ""P2_Surface_WinRate_90d"": 0.7631578947368421, ""P1_Hand_L"": 0.0, ""P2_Hand_L"": 1.0, ""P1_Country_ITA"": 0.0, ""P2_Rust_Flag"": 0.0, ""P1_Rank_Change_90d"": 46.0, ""P1_Country_AUS"": 0.0, ""P1_Hand_U"": 1.0, ""P1_Hand_R"": 0.0, ""Round_RR"": 0.0, ""Avg_Height"": 183.0, ""P1_Sets_14d"": 24.0, ""P2_Country_Other"": 0.0, ""Round_SF"": 0.0, ""P1_vs_Lefty_WinRate"": 0.21875, ""Indoor_Season"": 0.0, ""Avg_Rank"": 499.0, ""P1_Rust_Flag"": 0.0, ""Avg_Rank_Points"": 125.5, ""Level_F"": 0.0, ""Round_R64"": 0.0, ""P2_Country_CZE"": 0.0, ""P2_Hand_R"": 0.0, ""Surface_Hard"": 1.0, ""P1_Matches_14d"": 10.0, ""Surface_Carpet"": 0.0, ""Round_R128"": 0.0, ""P1_Country_SRB"": 0.0, ""P2_Hand_U"": 0.0, ""P1_Rank_Volatility_90d"": 9.663382036375896, ""Level_M"": 0.0, ""P2_Country_ESP"": 0.0, ""Handedness_Matchup_LR"": 0.0, ""P1_Country_CZE"": 0.0, ""P2_Country_SUI"": 0.0, ""Surface_Grass"": 0.0, ""H2H_Total_Matches"": 1.0, ""Level_O"": 0.0, ""P1_Hand_A"": 0.0, ""P1_Finals_WinRate"": 0.25, ""Rank_Momentum_Diff_90d"": -62.0, ""P2_Finals_WinRate"": 0.3888888888888889, ""Round_Q4"": 0.0, ""Level_G"": 0.0, ""Round_ER"": 0.0, ""Level_S"": 0.0, ""Round_BR"": 0.0, ""Round_Q3"": 0.0, ""Rank_Ratio"": 2.6556776556776556, ""P1_Country_SUI"": 0.0, ""Clay_Season"": 0.0, ""P1_Country_GER"": 0.0, ""P2_Rank_Change_30d"": 0.0, ""P1_Country_ESP"": 0.0, ""P2_Hand_A"": 0.0, ""H2H_Recent_P1_Advantage"": 0.0, ""P2_Country_AUS"": 0.0, ""P2_Country_SRB"": 0.0, ""P2_Country_GBR"": 1.0, ""P2_Country_ARG"": 0.0, ""Handedness_Matchup_RR"": 0.0, ""P1_Rank_Change_30d"": 0.0, ""P2_Country_GER"": 0.0, ""Handedness_Matchup_LL"": 0.0, ""P2_Country_RUS"": 0.0, ""P1_Country_ARG"": 0.0, ""Level_C"": 1.0, ""P2_Semifinals_WinRate"": 0.4166666666666667, ""P2_Days_Since_Last"": 3.0, ""P1_Peak_Age"": 0.0, ""P2_Peak_Age"": 0.0, ""H2H_P1_WinRate"": 0.375, ""P1_Country_Other"": 1.0, ""H2H_P1_Wins"": 0.0, ""P1_BigMatch_WinRate"": 0.5, ""P2_Rank_Change_90d"": 108.0, ""P2_BigMatch_WinRate"": 0.3888888888888889, ""P2_Country_FRA"": 0.0, ""_defaulted_features"": """"}"
max basing,luca castelnuovo,2026-07-09,2026-07-09T05:21:20+00:00,run_20260709T051522Z,False,"{""P2_WinStreak_Current"": 2.0, ""P1_WinStreak_Current"": 2.0, ""P2_Surface_Matches_30d"": 0.0, ""Height_Diff"": -5.0, ""P1_Surface_Matches_30d"": 0.0, ""Player2_Height"": 185.0, ""P1_Matches_30d"": 9.0, ""P2_Matches_30d"": 4.0, ""P2_Surface_Experience"": 257.0, ""P2_Form_Trend_30d"": 0.5793581738517642, ""Player1_Height"": 180.0, ""P1_Form_Trend_30d"": 0.917998459081224, ""Round_R16"": 1.0, ""Surface_Transition_Flag"": 0.0, ""P1_Surface_Matches_90d"": 0.0, ""P1_Surface_Experience"": 109.0, ""Rank_Diff"": -81.0, ""Round_R32"": 0.0, ""Rank_Points_Diff"": 43.0, ""P2_Level_WinRate_Career"": 0.4391891891891892, ""P2_Surface_Matches_90d"": 9.0, ""P1_Level_WinRate_Career"": 0.6730769230769231, ""P2_Level_Matches_Career"": 71.0, ""P2_WinRate_Last10_120d"": 0.4230769230769231, ""Round_QF"": 0.0, ""Level_25"": 0.0, ""P1_Round_WinRate_Career"": 0.5967741935483871, ""P1_Surface_WinRate_90d"": 0.5, ""Round_Q1"": 0.0, ""Player1_Rank"": 329.0, ""P1_Level_Matches_Career"": 23.0, ""P2_Round_WinRate_Career"": 0.44623655913978494, ""draw_size"": 32.0, ""P1_WinRate_Last10_120d"": 0.7307692307692307, ""Age_Diff"": -5.672826830937712, ""Level_15"": 0.0, ""Player1_Rank_Points"": 162.0, ""Handedness_Matchup_RL"": 1.0, ""Player2_Rank"": 410.0, ""Avg_Age"": 26.60369609856263, ""P1_Country_RUS"": 0.0, ""Player2_Age"": 29.440109514031484, ""P2_vs_Lefty_WinRate"": 0.5285714285714286, ""Round_F"": 0.0, ""Surface_Clay"": 0.0, ""P2_Sets_14d"": 6.0, ""Rank_Momentum_Diff_30d"": 0.0, ""H2H_P2_Wins"": 0.0, ""Player2_Rank_Points"": 119.0, ""Player1_Age"": 23.76728268309377, ""P2_Rank_Volatility_90d"": 17.452967100354616, ""P1_Days_Since_Last"": 3.0, ""Grass_Season"": 1.0, ""P1_Semifinals_WinRate"": 0.6333333333333333, ""Level_A"": 0.0, ""Level_D"": 0.0, ""P1_Country_USA"": 0.0, ""P1_Country_GBR"": 1.0, ""P1_Country_FRA"": 0.0, ""P2_Matches_14d"": 3.0, ""P2_Country_USA"": 0.0, ""P2_Country_ITA"": 0.0, ""Round_Q2"": 0.0, ""P2_Surface_WinRate_90d"": 0.5416666666666666, ""P1_Hand_L"": 0.0, ""P2_Hand_L"": 1.0, ""P1_Country_ITA"": 0.0, ""P2_Rust_Flag"": 0.0, ""P1_Rank_Change_90d"": -9.0, ""P1_Country_AUS"": 0.0, ""P1_Hand_U"": 0.0, ""P1_Hand_R"": 1.0, ""Round_RR"": 0.0, ""Avg_Height"": 182.5, ""P1_Sets_14d"": 24.0, ""P2_Country_Other"": 0.0, ""Round_SF"": 0.0, ""P1_vs_Lefty_WinRate"": 0.6176470588235294, ""Indoor_Season"": 0.0, ""Avg_Rank"": 369.5, ""P1_Rust_Flag"": 0.0, ""Avg_Rank_Points"": 140.5, ""Level_F"": 0.0, ""Round_R64"": 0.0, ""P2_Country_CZE"": 0.0, ""P2_Hand_R"": 0.0, ""Surface_Hard"": 1.0, ""P1_Matches_14d"": 7.0, ""Surface_Carpet"": 0.0, ""Round_R128"": 0.0, ""P1_Country_SRB"": 0.0, ""P2_Hand_U"": 0.0, ""P1_Rank_Volatility_90d"": 0.0, ""Level_M"": 0.0, ""P2_Country_ESP"": 0.0, ""Handedness_Matchup_LR"": 0.0, ""P1_Country_CZE"": 0.0, ""P2_Country_SUI"": 1.0, ""Surface_Grass"": 0.0, ""H2H_Total_Matches"": 1.0, ""Level_O"": 0.0, ""P1_Hand_A"": 0.0, ""P1_Finals_WinRate"": 0.7727272727272727, ""Rank_Momentum_Diff_90d"": -72.0, ""P2_Finals_WinRate"": 0.65, ""Round_Q4"": 0.0, ""Level_G"": 0.0, ""Round_ER"": 0.0, ""Level_S"": 0.0, ""Round_BR"": 0.0, ""Round_Q3"": 0.0, ""Rank_Ratio"": 1.2462006079027355, ""P1_Country_SUI"": 0.0, ""Clay_Season"": 0.0, ""P1_Country_GER"": 0.0, ""P2_Rank_Change_30d"": 0.0, ""P1_Country_ESP"": 0.0, ""P2_Hand_A"": 0.0, ""H2H_Recent_P1_Advantage"": 0.0, ""P2_Country_AUS"": 0.0, ""P2_Country_SRB"": 0.0, ""P2_Country_GBR"": 0.0, ""P2_Country_ARG"": 0.0, ""Handedness_Matchup_RR"": 0.0, ""P1_Rank_Change_30d"": 0.0, ""P2_Country_GER"": 0.0, ""Handedness_Matchup_LL"": 0.0, ""P2_Country_RUS"": 0.0, ""P1_Country_ARG"": 0.0, ""Level_C"": 1.0, ""P2_Semifinals_WinRate"": 0.4722222222222222, ""P2_Days_Since_Last"": 3.0, ""P1_Peak_Age"": 0.0, ""P2_Peak_Age"": 0.0, ""H2H_P1_WinRate"": 0.625, ""P1_Country_Other"": 0.0, ""H2H_P1_Wins"": 1.0, ""P1_BigMatch_WinRate"": 0.75, ""P2_Rank_Change_90d"": 63.0, ""P2_BigMatch_WinRate"": 0.5, ""P2_Country_FRA"": 0.0, ""_defaulted_features"": """"}"
federico coria,guy den ouden,2026-07-09,2026-07-09T05:21:22+00:00,run_20260709T051522Z,False,"{""P2_WinStreak_Current"": 2.0, ""P1_WinStreak_Current"": 2.0, ""P2_Surface_Matches_30d"": 0.0, ""Height_Diff"": -3.0, ""P1_Surface_Matches_30d"": 0.0, ""Player2_Height"": 183.0, ""P1_Matches_30d"": 6.0, ""P2_Matches_30d"": 4.0, ""P2_Surface_Experience"": 114.0, ""P2_Form_Trend_30d"": 0.5533049141923638, ""Player1_Height"": 180.0, ""P1_Form_Trend_30d"": 0.6838953416467939, ""Round_R16"": 1.0, ""Surface_Transition_Flag"": 0.0, ""P1_Surface_Matches_90d"": 0.0, ""P1_Surface_Experience"": 60.0, ""Rank_Diff"": 645.0, ""Round_R32"": 0.0, ""Rank_Points_Diff"": -198.0, ""P2_Level_WinRate_Career"": 0.5972222222222222, ""P2_Surface_Matches_90d"": 0.0, ""P1_Level_WinRate_Career"": 0.6178571428571429, ""P2_Level_Matches_Career"": 105.0, ""P2_WinRate_Last10_120d"": 0.5, ""Round_QF"": 0.0, ""Level_25"": 0.0, ""P1_Round_WinRate_Career"": 0.6155378486055777, ""P1_Surface_WinRate_90d"": 0.5, ""Round_Q1"": 0.0, ""Player1_Rank"": 889.0, ""P1_Level_Matches_Career"": 417.0, ""P2_Round_WinRate_Career"": 0.6484375, ""draw_size"": 32.0, ""P1_WinRate_Last10_120d"": 0.5909090909090909, ""Age_Diff"": 10.0807665982204, ""Level_15"": 0.0, ""Player1_Rank_Points"": 34.0, ""Handedness_Matchup_RL"": 0.0, ""Player2_Rank"": 244.0, ""Avg_Age"": 29.292265571526354, ""P1_Country_RUS"": 0.0, ""Player2_Age"": 24.251882272416154, ""P2_vs_Lefty_WinRate"": 0.5967741935483871, ""Round_F"": 0.0, ""Surface_Clay"": 0.0, ""P2_Sets_14d"": 6.0, ""Rank_Momentum_Diff_30d"": 0.0, ""H2H_P2_Wins"": 0.0, ""Player2_Rank_Points"": 232.0, ""Player1_Age"": 34.332648870636554, ""P2_Rank_Volatility_90d"": 10.507140429250958, ""P1_Days_Since_Last"": 3.0, ""Grass_Season"": 1.0, ""P1_Semifinals_WinRate"": 0.4375, ""Level_A"": 0.0, ""Level_D"": 0.0, ""P1_Country_USA"": 0.0, ""P1_Country_GBR"": 0.0, ""P1_Country_FRA"": 0.0, ""P2_Matches_14d"": 3.0, ""P2_Country_USA"": 0.0, ""P2_Country_ITA"": 0.0, ""Round_Q2"": 0.0, ""P2_Surface_WinRate_90d"": 0.5, ""P1_Hand_L"": 0.0, ""P2_Hand_L"": 0.0, ""P1_Country_ITA"": 0.0, ""P2_Rust_Flag"": 0.0, ""P1_Rank_Change_90d"": -504.0, ""P1_Country_AUS"": 0.0, ""P1_Hand_U"": 0.0, ""P1_Hand_R"": 1.0, ""Round_RR"": 0.0, ""Avg_Height"": 181.5, ""P1_Sets_14d"": 8.0, ""P2_Country_Other"": 1.0, ""Round_SF"": 0.0, ""P1_vs_Lefty_WinRate"": 0.564748201438849, ""Indoor_Season"": 0.0, ""Avg_Rank"": 566.5, ""P1_Rust_Flag"": 0.0, ""Avg_Rank_Points"": 133.0, ""Level_F"": 0.0, ""Round_R64"": 0.0, ""P2_Country_CZE"": 0.0, ""P2_Hand_R"": 1.0, ""Surface_Hard"": 1.0, ""P1_Matches_14d"": 4.0, ""Surface_Carpet"": 0.0, ""Round_R128"": 0.0, ""P1_Country_SRB"": 0.0, ""P2_Hand_U"": 0.0, ""P1_Rank_Volatility_90d"": 0.0, ""Level_M"": 0.0, ""P2_Country_ESP"": 0.0, ""Handedness_Matchup_LR"": 0.0, ""P1_Country_CZE"": 0.0, ""P2_Country_SUI"": 0.0, ""Surface_Grass"": 0.0, ""H2H_Total_Matches"": 0.0, ""Level_O"": 0.0, ""P1_Hand_A"": 0.0, ""P1_Finals_WinRate"": 0.4125, ""Rank_Momentum_Diff_90d"": -468.0, ""P2_Finals_WinRate"": 0.6041666666666666, ""Round_Q4"": 0.0, ""Level_G"": 0.0, ""Round_ER"": 0.0, ""Level_S"": 0.0, ""Round_BR"": 0.0, ""Round_Q3"": 0.0, ""Rank_Ratio"": 3.6434426229508197, ""P1_Country_SUI"": 0.0, ""Clay_Season"": 0.0, ""P1_Country_GER"": 0.0, ""P2_Rank_Change_30d"": 0.0, ""P1_Country_ESP"": 0.0, ""P2_Hand_A"": 0.0, ""H2H_Recent_P1_Advantage"": 0.0, ""P2_Country_AUS"": 0.0, ""P2_Country_SRB"": 0.0, ""P2_Country_GBR"": 0.0, ""P2_Country_ARG"": 0.0, ""Handedness_Matchup_RR"": 1.0, ""P1_Rank_Change_30d"": 0.0, ""P2_Country_GER"": 0.0, ""Handedness_Matchup_LL"": 0.0, ""P2_Country_RUS"": 0.0, ""P1_Country_ARG"": 1.0, ""Level_C"": 1.0, ""P2_Semifinals_WinRate"": 0.6818181818181818, ""P2_Days_Since_Last"": 3.0, ""P1_Peak_Age"": 0.0, ""P2_Peak_Age"": 1.0, ""H2H_P1_WinRate"": 0.5, ""P1_Country_Other"": 0.0, ""H2H_P1_Wins"": 0.0, ""P1_BigMatch_WinRate"": 0.32608695652173914, ""P2_Rank_Change_90d"": -36.0, ""P2_BigMatch_WinRate"": 0.16666666666666666, ""P2_Country_FRA"": 0.0, ""_defaulted_features"": """"}"
kimmer coppejans,daniel michalski,2026-07-09,2026-07-09T05:21:23+00:00,run_20260709T051522Z,False,"{""P2_WinStreak_Current"": -1.0, ""P1_WinStreak_Current"": 2.0, ""P2_Surface_Matches_30d"": 0.0, ""Height_Diff"": -2.0, ""P1_Surface_Matches_30d"": 0.0, ""Player2_Height"": 180.0, ""P1_Matches_30d"": 6.0, ""P2_Matches_30d"": 3.0, ""P2_Surface_Experience"": 83.0, ""P2_Form_Trend_30d"": 0.6666666666666666, ""Player1_Height"": 178.0, ""P1_Form_Trend_30d"": 0.6838953416467939, ""Round_R16"": 1.0, ""Surface_Transition_Flag"": 0.0, ""P1_Surface_Matches_90d"": 0.0, ""P1_Surface_Experience"": 297.0, ""Rank_Diff"": -80.0, ""Round_R32"": 0.0, ""Rank_Points_Diff"": 80.0, ""P2_Level_WinRate_Career"": 0.4948717948717949, ""P2_Surface_Matches_90d"": 0.0, ""P1_Level_WinRate_Career"": 0.5627208480565371, ""P2_Level_Matches_Career"": 192.0, ""P2_WinRate_Last10_120d"": 0.5, ""Round_QF"": 0.0, ""Level_25"": 0.0, ""P1_Round_WinRate_Career"": 0.5631868131868132, ""P1_Surface_WinRate_90d"": 0.5, ""Round_Q1"": 0.0, ""Player1_Rank"": 222.0, ""P1_Level_Matches_Career"": 563.0, ""P2_Round_WinRate_Career"": 0.6261261261261262, ""draw_size"": 32.0, ""P1_WinRate_Last10_120d"": 0.5769230769230769, ""Age_Diff"": 5.9247091033538695, ""Level_15"": 0.0, ""Player1_Rank_Points"": 258.0, ""Handedness_Matchup_RL"": 0.0, ""Player2_Rank"": 302.0, ""Avg_Age"": 29.453798767967147, ""P1_Country_RUS"": 0.0, ""Player2_Age"": 26.491444216290212, ""P2_vs_Lefty_WinRate"": 0.7171052631578947, ""Round_F"": 0.0, ""Surface_Clay"": 0.0, ""P2_Sets_14d"": 6.0, ""Rank_Momentum_Diff_30d"": 0.0, ""H2H_P2_Wins"": 0.0, ""Player2_Rank_Points"": 178.0, ""Player1_Age"": 32.41615331964408, ""P2_Rank_Volatility_90d"": 9.360080721399315, ""P1_Days_Since_Last"": 3.0, ""Grass_Season"": 1.0, ""P1_Semifinals_WinRate"": 0.5982142857142857, ""Level_A"": 0.0, ""Level_D"": 0.0, ""P1_Country_USA"": 0.0, ""P1_Country_GBR"": 0.0, ""P1_Country_FRA"": 0.0, ""P2_Matches_14d"": 3.0, ""P2_Country_USA"": 0.0, ""P2_Country_ITA"": 0.0, ""Round_Q2"": 0.0, ""P2_Surface_WinRate_90d"": 0.5, ""P1_Hand_L"": 0.0, ""P2_Hand_L"": 0.0, ""P1_Country_ITA"": 0.0, ""P2_Rust_Flag"": 0.0, ""P1_Rank_Change_90d"": 24.0, ""P1_Country_AUS"": 0.0, ""P1_Hand_U"": 0.0, ""P1_Hand_R"": 1.0, ""Round_RR"": 0.0, ""Avg_Height"": 179.0, ""P1_Sets_14d"": 8.0, ""P2_Country_Other"": 1.0, ""Round_SF"": 0.0, ""P1_vs_Lefty_WinRate"": 0.5666666666666667, ""Indoor_Season"": 0.0, ""Avg_Rank"": 262.0, ""P1_Rust_Flag"": 0.0, ""Avg_Rank_Points"": 218.0, ""Level_F"": 0.0, ""Round_R64"": 0.0, ""P2_Country_CZE"": 0.0, ""P2_Hand_R"": 1.0, ""Surface_Hard"": 1.0, ""P1_Matches_14d"": 4.0, ""Surface_Carpet"": 0.0, ""Round_R128"": 0.0, ""P1_Country_SRB"": 0.0, ""P2_Hand_U"": 0.0, ""P1_Rank_Volatility_90d"": 9.96918328573687, ""Level_M"": 0.0, ""P2_Country_ESP"": 0.0, ""Handedness_Matchup_LR"": 0.0, ""P1_Country_CZE"": 0.0, ""P2_Country_SUI"": 0.0, ""Surface_Grass"": 0.0, ""H2H_Total_Matches"": 1.0, ""Level_O"": 0.0, ""P1_Hand_A"": 0.0, ""P1_Finals_WinRate"": 0.5285714285714286, ""Rank_Momentum_Diff_90d"": 58.0, ""P2_Finals_WinRate"": 0.5689655172413793, ""Round_Q4"": 0.0, ""Level_G"": 0.0, ""Round_ER"": 0.0, ""Level_S"": 0.0, ""Round_BR"": 0.0, ""Round_Q3"": 0.0, ""Rank_Ratio"": 1.3603603603603605, ""P1_Country_SUI"": 0.0, ""Clay_Season"": 0.0, ""P1_Country_GER"": 0.0, ""P2_Rank_Change_30d"": 0.0, ""P1_Country_ESP"": 0.0, ""P2_Hand_A"": 0.0, ""H2H_Recent_P1_Advantage"": 0.0, ""P2_Country_AUS"": 0.0, ""P2_Country_SRB"": 0.0, ""P2_Country_GBR"": 0.0, ""P2_Country_ARG"": 0.0, ""Handedness_Matchup_RR"": 1.0, ""P1_Rank_Change_30d"": 0.0, ""P2_Country_GER"": 0.0, ""Handedness_Matchup_LL"": 0.0, ""P2_Country_RUS"": 0.0, ""P1_Country_ARG"": 0.0, ""Level_C"": 1.0, ""P2_Semifinals_WinRate"": 0.6547619047619048, ""P2_Days_Since_Last"": 3.0, ""P1_Peak_Age"": 0.0, ""P2_Peak_Age"": 1.0, ""H2H_P1_WinRate"": 0.625, ""P1_Country_Other"": 1.0, ""H2H_P1_Wins"": 1.0, ""P1_BigMatch_WinRate"": 0.5246913580246914, ""P2_Rank_Change_90d"": -34.0, ""P2_BigMatch_WinRate"": 0.5, ""P2_Country_FRA"": 0.0, ""_defaulted_features"": """"}"
felix balshaw,philip henning,2026-07-09,2026-07-09T05:21:23+00:00,run_20260709T051522Z,False,"{""P2_WinStreak_Current"": 2.0, ""P1_WinStreak_Current"": 12.0, ""P2_Surface_Matches_30d"": 0.0, ""Height_Diff"": 11.0, ""P1_Surface_Matches_30d"": 0.0, ""Player2_Height"": 180.0, ""P1_Matches_30d"": 2.0, ""P2_Matches_30d"": 3.0, ""P2_Surface_Experience"": 170.0, ""P2_Form_Trend_30d"": 0.6666666666666666, ""Player1_Height"": 191.0, ""P1_Form_Trend_30d"": 0.5, ""Round_R16"": 1.0, ""Surface_Transition_Flag"": 0.0, ""P1_Surface_Matches_90d"": 0.0, ""P1_Surface_Experience"": 44.0, ""Rank_Diff"": 5.0, ""Round_R32"": 0.0, ""Rank_Points_Diff"": -2.0, ""P2_Level_WinRate_Career"": 0.5392156862745098, ""P2_Surface_Matches_90d"": 8.0, ""P1_Level_WinRate_Career"": 0.5588235294117647, ""P2_Level_Matches_Career"": 48.0, ""P2_WinRate_Last10_120d"": 0.7307692307692307, ""Round_QF"": 0.0, ""Level_25"": 0.0, ""P1_Round_WinRate_Career"": 0.6304347826086957, ""P1_Surface_WinRate_90d"": 0.5, ""Round_Q1"": 0.0, ""Player1_Rank"": 259.0, ""P1_Level_Matches_Career"": 14.0, ""P2_Round_WinRate_Career"": 0.7934782608695652, ""draw_size"": 32.0, ""P1_WinRate_Last10_120d"": 0.8846153846153846, ""Age_Diff"": -5.593429158110883, ""Level_15"": 0.0, ""Player1_Rank_Points"": 217.0, ""Handedness_Matchup_RL"": 0.0, ""Player2_Rank"": 254.0, ""Avg_Age"": 22.86242299794661, ""P1_Country_RUS"": 0.0, ""Player2_Age"": 25.659137577002053, ""P2_vs_Lefty_WinRate"": 0.6136363636363636, ""Round_F"": 0.0, ""Surface_Clay"": 0.0, ""P2_Sets_14d"": 6.0, ""Rank_Momentum_Diff_30d"": 0.0, ""H2H_P2_Wins"": 0.0, ""Player2_Rank_Points"": 219.0, ""Player1_Age"": 20.06570841889117, ""P2_Rank_Volatility_90d"": 8.97524066835787, ""P1_Days_Since_Last"": 3.0, ""Grass_Season"": 1.0, ""P1_Semifinals_WinRate"": 0.625, ""Level_A"": 0.0, ""Level_D"": 0.0, ""P1_Country_USA"": 0.0, ""P1_Country_GBR"": 0.0, ""P1_Country_FRA"": 1.0, ""P2_Matches_14d"": 3.0, ""P2_Country_USA"": 0.0, ""P2_Country_ITA"": 0.0, ""Round_Q2"": 0.0, ""P2_Surface_WinRate_90d"": 0.7727272727272727, ""P1_Hand_L"": 0.0, ""P2_Hand_L"": 0.0, ""P1_Country_ITA"": 0.0, ""P2_Rust_Flag"": 0.0, ""P1_Rank_Change_90d"": 75.0, ""P1_Country_AUS"": 0.0, ""P1_Hand_U"": 1.0, ""P1_Hand_R"": 0.0, ""Round_RR"": 0.0, ""Avg_Height"": 185.5, ""P1_Sets_14d"": 4.0, ""P2_Country_Other"": 1.0, ""Round_SF"": 0.0, ""P1_vs_Lefty_WinRate"": 0.6818181818181818, ""Indoor_Season"": 0.0, ""Avg_Rank"": 256.5, ""P1_Rust_Flag"": 0.0, ""Avg_Rank_Points"": 218.0, ""Level_F"": 0.0, ""Round_R64"": 0.0, ""P2_Country_CZE"": 0.0, ""P2_Hand_R"": 1.0, ""Surface_Hard"": 1.0, ""P1_Matches_14d"": 2.0, ""Surface_Carpet"": 0.0, ""Round_R128"": 0.0, ""P1_Country_SRB"": 0.0, ""P2_Hand_U"": 0.0, ""P1_Rank_Volatility_90d"": 38.75545502400465, ""Level_M"": 0.0, ""P2_Country_ESP"": 0.0, ""Handedness_Matchup_LR"": 0.0, ""P1_Country_CZE"": 0.0, ""P2_Country_SUI"": 0.0, ""Surface_Grass"": 0.0, ""H2H_Total_Matches"": 0.0, ""Level_O"": 0.0, ""P1_Hand_A"": 0.0, ""P1_Finals_WinRate"": 0.7222222222222222, ""Rank_Momentum_Diff_90d"": 74.0, ""P2_Finals_WinRate"": 0.825, ""Round_Q4"": 0.0, ""Level_G"": 0.0, ""Round_ER"": 0.0, ""Level_S"": 0.0, ""Round_BR"": 0.0, ""Round_Q3"": 0.0, ""Rank_Ratio"": 1.0196850393700787, ""P1_Country_SUI"": 0.0, ""Clay_Season"": 0.0, ""P1_Country_GER"": 0.0, ""P2_Rank_Change_30d"": 0.0, ""P1_Country_ESP"": 0.0, ""P2_Hand_A"": 0.0, ""H2H_Recent_P1_Advantage"": 0.0, ""P2_Country_AUS"": 0.0, ""P2_Country_SRB"": 0.0, ""P2_Country_GBR"": 0.0, ""P2_Country_ARG"": 0.0, ""Handedness_Matchup_RR"": 0.0, ""P1_Rank_Change_30d"": 0.0, ""P2_Country_GER"": 0.0, ""Handedness_Matchup_LL"": 0.0, ""P2_Country_RUS"": 0.0, ""P1_Country_ARG"": 0.0, ""Level_C"": 1.0, ""P2_Semifinals_WinRate"": 0.6964285714285714, ""P2_Days_Since_Last"": 3.0, ""P1_Peak_Age"": 0.0, ""P2_Peak_Age"": 1.0, ""H2H_P1_WinRate"": 0.5, ""P1_Country_Other"": 0.0, ""H2H_P1_Wins"": 0.0, ""P1_BigMatch_WinRate"": 0.5, ""P2_Rank_Change_90d"": 1.0, ""P2_BigMatch_WinRate"": 0.5, ""P2_Country_FRA"": 0.0, ""_defaulted_features"": ""Player2_Height=default""}"
gauthier onclin,florian broska,2026-07-09,2026-07-09T05:21:24+00:00,run_20260709T051522Z,False,"{""P2_WinStreak_Current"": 2.0, ""P1_WinStreak_Current"": 2.0, ""P2_Surface_Matches_30d"": 0.0, ""Height_Diff"": 5.0, ""P1_Surface_Matches_30d"": 0.0, ""Player2_Height"": 175.0, ""P1_Matches_30d"": 9.0, ""P2_Matches_30d"": 2.0, ""P2_Surface_Experience"": 111.0, ""P2_Form_Trend_30d"": 0.5, ""Player1_Height"": 180.0, ""P1_Form_Trend_30d"": 0.6881168418530225, ""Round_R16"": 1.0, ""Surface_Transition_Flag"": 0.0, ""P1_Surface_Matches_90d"": 12.0, ""P1_Surface_Experience"": 257.0, ""Rank_Diff"": -175.0, ""Round_R32"": 0.0, ""Rank_Points_Diff"": 186.0, ""P2_Level_WinRate_Career"": 0.4875, ""P2_Surface_Matches_90d"": 5.0, ""P1_Level_WinRate_Career"": 0.5230263157894737, ""P2_Level_Matches_Career"": 37.0, ""P2_WinRate_Last10_120d"": 0.4230769230769231, ""Round_QF"": 0.0, ""Level_25"": 0.0, ""P1_Round_WinRate_Career"": 0.6067961165048543, ""P1_Surface_WinRate_90d"": 0.9, ""Round_Q1"": 0.0, ""Player1_Rank"": 178.0, ""P1_Level_Matches_Career"": 149.0, ""P2_Round_WinRate_Career"": 0.5865384615384616, ""draw_size"": 32.0, ""P1_WinRate_Last10_120d"": 0.6538461538461539, ""Age_Diff"": -3.1540041067761813, ""Level_15"": 0.0, ""Player1_Rank_Points"": 331.0, ""Handedness_Matchup_RL"": 0.0, ""Player2_Rank"": 353.0, ""Avg_Age"": 26.940451745379875, ""P1_Country_RUS"": 0.0, ""Player2_Age"": 28.517453798767967, ""P2_vs_Lefty_WinRate"": 0.5166666666666667, ""Round_F"": 0.0, ""Surface_Clay"": 0.0, ""P2_Sets_14d"": 4.0, ""Rank_Momentum_Diff_30d"": 0.0, ""H2H_P2_Wins"": 0.0, ""Player2_Rank_Points"": 145.0, ""Player1_Age"": 25.363449691991786, ""P2_Rank_Volatility_90d"": 1.632993161855452, ""P1_Days_Since_Last"": 3.0, ""Grass_Season"": 1.0, ""P1_Semifinals_WinRate"": 0.686046511627907, ""Level_A"": 0.0, ""Level_D"": 0.0, ""P1_Country_USA"": 0.0, ""P1_Country_GBR"": 0.0, ""P1_Country_FRA"": 0.0, ""P2_Matches_14d"": 2.0, ""P2_Country_USA"": 0.0, ""P2_Country_ITA"": 0.0, ""Round_Q2"": 0.0, ""P2_Surface_WinRate_90d"": 0.4375, ""P1_Hand_L"": 0.0, ""P2_Hand_L"": 0.0, ""P1_Country_ITA"": 0.0, ""P2_Rust_Flag"": 0.0, ""P1_Rank_Change_90d"": 62.0, ""P1_Country_AUS"": 0.0, ""P1_Hand_U"": 0.0, ""P1_Hand_R"": 1.0, ""Round_RR"": 0.0, ""Avg_Height"": 177.5, ""P1_Sets_14d"": 11.0, ""P2_Country_Other"": 0.0, ""Round_SF"": 0.0, ""P1_vs_Lefty_WinRate"": 0.5769230769230769, ""Indoor_Season"": 0.0, ""Avg_Rank"": 265.5, ""P1_Rust_Flag"": 0.0, ""Avg_Rank_Points"": 238.0, ""Level_F"": 0.0, ""Round_R64"": 0.0, ""P2_Country_CZE"": 0.0, ""P2_Hand_R"": 1.0, ""Surface_Hard"": 1.0, ""P1_Matches_14d"": 4.0, ""Surface_Carpet"": 0.0, ""Round_R128"": 0.0, ""P1_Country_SRB"": 0.0, ""P2_Hand_U"": 0.0, ""P1_Rank_Volatility_90d"": 32.00592050493816, ""Level_M"": 0.0, ""P2_Country_ESP"": 0.0, ""Handedness_Matchup_LR"": 0.0, ""P1_Country_CZE"": 0.0, ""P2_Country_SUI"": 0.0, ""Surface_Grass"": 0.0, ""H2H_Total_Matches"": 0.0, ""Level_O"": 0.0, ""P1_Hand_A"": 0.0, ""P1_Finals_WinRate"": 0.609375, ""Rank_Momentum_Diff_90d"": 68.0, ""P2_Finals_WinRate"": 0.5416666666666666, ""Round_Q4"": 0.0, ""Level_G"": 0.0, ""Round_ER"": 0.0, ""Level_S"": 0.0, ""Round_BR"": 0.0, ""Round_Q3"": 0.0, ""Rank_Ratio"": 1.9831460674157304, ""P1_Country_SUI"": 0.0, ""Clay_Season"": 0.0, ""P1_Country_GER"": 0.0, ""P2_Rank_Change_30d"": 0.0, ""P1_Country_ESP"": 0.0, ""P2_Hand_A"": 0.0, ""H2H_Recent_P1_Advantage"": 0.0, ""P2_Country_AUS"": 0.0, ""P2_Country_SRB"": 0.0, ""P2_Country_GBR"": 0.0, ""P2_Country_ARG"": 0.0, ""Handedness_Matchup_RR"": 1.0, ""P1_Rank_Change_30d"": 0.0, ""P2_Country_GER"": 1.0, ""Handedness_Matchup_LL"": 0.0, ""P2_Country_RUS"": 0.0, ""P1_Country_ARG"": 0.0, ""Level_C"": 1.0, ""P2_Semifinals_WinRate"": 0.6176470588235294, ""P2_Days_Since_Last"": 3.0, ""P1_Peak_Age"": 1.0, ""P2_Peak_Age"": 0.0, ""H2H_P1_WinRate"": 0.5, ""P1_Country_Other"": 1.0, ""H2H_P1_Wins"": 0.0, ""P1_BigMatch_WinRate"": 0.46, ""P2_Rank_Change_90d"": -6.0, ""P2_BigMatch_WinRate"": 0.5, ""P2_Country_FRA"": 0.0, ""_defaulted_features"": """"}"
federico agustin gomez,henry bernet,2026-07-09,2026-07-09T05:21:25+00:00,run_20260709T051522Z,False,"{""P2_WinStreak_Current"": 8.0, ""P1_WinStreak_Current"": 2.0, ""P2_Surface_Matches_30d"": 0.0, ""Height_Diff"": 0.0, ""P1_Surface_Matches_30d"": 0.0, ""Player2_Height"": 191.0, ""P1_Matches_30d"": 5.0, ""P2_Matches_30d"": 8.0, ""P2_Surface_Experience"": 16.0, ""P2_Form_Trend_30d"": 1.0, ""Player1_Height"": 191.0, ""P1_Form_Trend_30d"": 0.43340292897793586, ""Round_R16"": 1.0, ""Surface_Transition_Flag"": 0.0, ""P1_Surface_Matches_90d"": 0.0, ""P1_Surface_Experience"": 101.0, ""Rank_Diff"": -246.0, ""Round_R32"": 0.0, ""Rank_Points_Diff"": 170.0, ""P2_Level_WinRate_Career"": 0.5178571428571429, ""P2_Surface_Matches_90d"": 0.0, ""P1_Level_WinRate_Career"": 0.5762195121951219, ""P2_Level_Matches_Career"": 25.0, ""P2_WinRate_Last10_120d"": 0.7307692307692307, ""Round_QF"": 0.0, ""Level_25"": 0.0, ""P1_Round_WinRate_Career"": 0.5895522388059702, ""P1_Surface_WinRate_90d"": 0.5, ""Round_Q1"": 0.0, ""Player1_Rank"": 212.0, ""P1_Level_Matches_Career"": 161.0, ""P2_Round_WinRate_Career"": 0.4230769230769231, ""draw_size"": 32.0, ""P1_WinRate_Last10_120d"": 0.34615384615384615, ""Age_Diff"": 10.16290212183436, ""Level_15"": 0.0, ""Player1_Rank_Points"": 270.0, ""Handedness_Matchup_RL"": 0.0, ""Player2_Rank"": 458.0, ""Avg_Age"": 24.53388090349076, ""P1_Country_RUS"": 0.0, ""Player2_Age"": 19.45242984257358, ""P2_vs_Lefty_WinRate"": 0.4583333333333333, ""Round_F"": 0.0, ""Surface_Clay"": 0.0, ""P2_Sets_14d"": 18.0, ""Rank_Momentum_Diff_30d"": 0.0, ""H2H_P2_Wins"": 0.0, ""Player2_Rank_Points"": 100.0, ""Player1_Age"": 29.61533196440794, ""P2_Rank_Volatility_90d"": 9.57302758498361, ""P1_Days_Since_Last"": 3.0, ""Grass_Season"": 1.0, ""P1_Semifinals_WinRate"": 0.4318181818181818, ""Level_A"": 0.0, ""Level_D"": 0.0, ""P1_Country_USA"": 0.0, ""P1_Country_GBR"": 0.0, ""P1_Country_FRA"": 0.0, ""P2_Matches_14d"": 8.0, ""P2_Country_USA"": 0.0, ""P2_Country_ITA"": 0.0, ""Round_Q2"": 0.0, ""P2_Surface_WinRate_90d"": 0.5, ""P1_Hand_L"": 0.0, ""P2_Hand_L"": 0.0, ""P1_Country_ITA"": 0.0, ""P2_Rust_Flag"": 0.0, ""P1_Rank_Change_90d"": -6.0, ""P1_Country_AUS"": 0.0, ""P1_Hand_U"": 0.0, ""P1_Hand_R"": 1.0, ""Round_RR"": 0.0, ""Avg_Height"": 191.0, ""P1_Sets_14d"": 10.0, ""P2_Country_Other"": 0.0, ""Round_SF"": 0.0, ""P1_vs_Lefty_WinRate"": 0.4479166666666667, ""Indoor_Season"": 0.0, ""Avg_Rank"": 335.0, ""P1_Rust_Flag"": 0.0, ""Avg_Rank_Points"": 185.0, ""Level_F"": 0.0, ""Round_R64"": 0.0, ""P2_Country_CZE"": 0.0, ""P2_Hand_R"": 1.0, ""Surface_Hard"": 1.0, ""P1_Matches_14d"": 4.0, ""Surface_Carpet"": 0.0, ""Round_R128"": 0.0, ""P1_Country_SRB"": 0.0, ""P2_Hand_U"": 0.0, ""P1_Rank_Volatility_90d"": 3.7859388972001824, ""Level_M"": 0.0, ""P2_Country_ESP"": 0.0, ""Handedness_Matchup_LR"": 0.0, ""P1_Country_CZE"": 0.0, ""P2_Country_SUI"": 1.0, ""Surface_Grass"": 0.0, ""H2H_Total_Matches"": 0.0, ""Level_O"": 0.0, ""P1_Hand_A"": 0.0, ""P1_Finals_WinRate"": 0.6818181818181818, ""Rank_Momentum_Diff_90d"": -20.0, ""P2_Finals_WinRate"": 0.7, ""Round_Q4"": 0.0, ""Level_G"": 0.0, ""Round_ER"": 0.0, ""Level_S"": 0.0, ""Round_BR"": 0.0, ""Round_Q3"": 0.0, ""Rank_Ratio"": 2.160377358490566, ""P1_Country_SUI"": 0.0, ""Clay_Season"": 0.0, ""P1_Country_GER"": 0.0, ""P2_Rank_Change_30d"": 0.0, ""P1_Country_ESP"": 0.0, ""P2_Hand_A"": 0.0, ""H2H_Recent_P1_Advantage"": 0.0, ""P2_Country_AUS"": 0.0, ""P2_Country_SRB"": 0.0, ""P2_Country_GBR"": 0.0, ""P2_Country_ARG"": 0.0, ""Handedness_Matchup_RR"": 1.0, ""P1_Rank_Change_30d"": 0.0, ""P2_Country_GER"": 0.0, ""Handedness_Matchup_LL"": 0.0, ""P2_Country_RUS"": 0.0, ""P1_Country_ARG"": 1.0, ""Level_C"": 1.0, ""P2_Semifinals_WinRate"": 0.7, ""P2_Days_Since_Last"": 3.0, ""P1_Peak_Age"": 0.0, ""P2_Peak_Age"": 0.0, ""H2H_P1_WinRate"": 0.5, ""P1_Country_Other"": 0.0, ""H2H_P1_Wins"": 0.0, ""P1_BigMatch_WinRate"": 0.41304347826086957, ""P2_Rank_Change_90d"": 14.0, ""P2_BigMatch_WinRate"": 0.375, ""P2_Country_FRA"": 0.0, ""_defaulted_features"": """"}"
maxim mrva,federico bondioli,2026-07-09,2026-07-09T05:21:31+00:00,run_20260709T051522Z,False,"{""P2_WinStreak_Current"": 2.0, ""P1_WinStreak_Current"": 2.0, ""P2_Surface_Matches_30d"": 0.0, ""Height_Diff"": -5.0, ""P1_Surface_Matches_30d"": 0.0, ""Player2_Height"": 185.0, ""P1_Matches_30d"": 2.0, ""P2_Matches_30d"": 4.0, ""P2_Surface_Experience"": 77.0, ""P2_Form_Trend_30d"": 0.5576239967914143, ""Player1_Height"": 180.0, ""P1_Form_Trend_30d"": 0.5, ""Round_R16"": 1.0, ""Surface_Transition_Flag"": 0.0, ""P1_Surface_Matches_90d"": 0.0, ""P1_Surface_Experience"": 42.0, ""Rank_Diff"": -68.0, ""Round_R32"": 0.0, ""Rank_Points_Diff"": 43.0, ""P2_Level_WinRate_Career"": 0.4178082191780822, ""P2_Surface_Matches_90d"": 0.0, ""P1_Level_WinRate_Career"": 0.5202702702702703, ""P2_Level_Matches_Career"": 70.0, ""P2_WinRate_Last10_120d"": 0.5, ""Round_QF"": 0.0, ""Level_25"": 0.0, ""P1_Round_WinRate_Career"": 0.532258064516129, ""P1_Surface_WinRate_90d"": 0.5, ""Round_Q1"": 0.0, ""Player1_Rank"": 295.0, ""P1_Level_Matches_Career"": 71.0, ""P2_Round_WinRate_Career"": 0.5188679245283019, ""draw_size"": 32.0, ""P1_WinRate_Last10_120d"": 0.5, ""Age_Diff"": -2.2121834360027393, ""Level_15"": 0.0, ""Player1_Rank_Points"": 185.0, ""Handedness_Matchup_RL"": 0.0, ""Player2_Rank"": 363.0, ""Avg_Age"": 20.041067761806982, ""P1_Country_RUS"": 0.0, ""Player2_Age"": 21.14715947980835, ""P2_vs_Lefty_WinRate"": 0.39655172413793105, ""Round_F"": 0.0, ""Surface_Clay"": 0.0, ""P2_Sets_14d"": 11.0, ""Rank_Momentum_Diff_30d"": 0.0, ""H2H_P2_Wins"": 0.0, ""Player2_Rank_Points"": 142.0, ""Player1_Age"": 18.934976043805612, ""P2_Rank_Volatility_90d"": 8.393720596645178, ""P1_Days_Since_Last"": 3.0, ""Grass_Season"": 1.0, ""P1_Semifinals_WinRate"": 0.7222222222222222, ""Level_A"": 0.0, ""Level_D"": 0.0, ""P1_Country_USA"": 0.0, ""P1_Country_GBR"": 0.0, ""P1_Country_FRA"": 0.0, ""P2_Matches_14d"": 4.0, ""P2_Country_USA"": 0.0, ""P2_Country_ITA"": 1.0, ""Round_Q2"": 0.0, ""P2_Surface_WinRate_90d"": 0.5, ""P1_Hand_L"": 0.0, ""P2_Hand_L"": 1.0, ""P1_Country_ITA"": 0.0, ""P2_Rust_Flag"": 0.0, ""P1_Rank_Change_90d"": -14.0, ""P1_Country_AUS"": 0.0, ""P1_Hand_U"": 1.0, ""P1_Hand_R"": 0.0, ""Round_RR"": 0.0, ""Avg_Height"": 182.5, ""P1_Sets_14d"": 6.0, ""P2_Country_Other"": 0.0, ""Round_SF"": 0.0, ""P1_vs_Lefty_WinRate"": 0.55, ""Indoor_Season"": 0.0, ""Avg_Rank"": 329.0, ""P1_Rust_Flag"": 0.0, ""Avg_Rank_Points"": 163.5, ""Level_F"": 0.0, ""Round_R64"": 0.0, ""P2_Country_CZE"": 0.0, ""P2_Hand_R"": 0.0, ""Surface_Hard"": 1.0, ""P1_Matches_14d"": 2.0, ""Surface_Carpet"": 0.0, ""Round_R128"": 0.0, ""P1_Country_SRB"": 0.0, ""P2_Hand_U"": 0.0, ""P1_Rank_Volatility_90d"": 6.2777953363991, ""Level_M"": 0.0, ""P2_Country_ESP"": 0.0, ""Handedness_Matchup_LR"": 0.0, ""P1_Country_CZE"": 1.0, ""P2_Country_SUI"": 0.0, ""Surface_Grass"": 0.0, ""H2H_Total_Matches"": 0.0, ""Level_O"": 0.0, ""P1_Hand_A"": 0.0, ""P1_Finals_WinRate"": 0.3125, ""Rank_Momentum_Diff_90d"": -16.0, ""P2_Finals_WinRate"": 0.5625, ""Round_Q4"": 0.0, ""Level_G"": 0.0, ""Round_ER"": 0.0, ""Level_S"": 0.0, ""Round_BR"": 0.0, ""Round_Q3"": 0.0, ""Rank_Ratio"": 1.230508474576271, ""P1_Country_SUI"": 0.0, ""Clay_Season"": 0.0, ""P1_Country_GER"": 0.0, ""P2_Rank_Change_30d"": 0.0, ""P1_Country_ESP"": 0.0, ""P2_Hand_A"": 0.0, ""H2H_Recent_P1_Advantage"": 0.0, ""P2_Country_AUS"": 0.0, ""P2_Country_SRB"": 0.0, ""P2_Country_GBR"": 0.0, ""P2_Country_ARG"": 0.0, ""Handedness_Matchup_RR"": 0.0, ""P1_Rank_Change_30d"": 0.0, ""P2_Country_GER"": 0.0, ""Handedness_Matchup_LL"": 0.0, ""P2_Country_RUS"": 0.0, ""P1_Country_ARG"": 0.0, ""Level_C"": 1.0, ""P2_Semifinals_WinRate"": 0.5416666666666666, ""P2_Days_Since_Last"": 3.0, ""P1_Peak_Age"": 0.0, ""P2_Peak_Age"": 0.0, ""H2H_P1_WinRate"": 0.5, ""P1_Country_Other"": 0.0, ""H2H_P1_Wins"": 0.0, ""P1_BigMatch_WinRate"": 0.5, ""P2_Rank_Change_90d"": 2.0, ""P2_BigMatch_WinRate"": 0.5, ""P2_Country_FRA"": 0.0, ""_defaulted_features"": """"}"
nikolas sanchez-izquierdo,alex barrena,2026-07-09,2026-07-09T05:21:32+00:00,run_20260709T051522Z,False,"{""P2_WinStreak_Current"": -1.0, ""P1_WinStreak_Current"": 2.0, ""P2_Surface_Matches_30d"": 0.0, ""Height_Diff"": 10.0, ""P1_Surface_Matches_30d"": 0.0, ""Player2_Height"": 175.0, ""P1_Matches_30d"": 4.0, ""P2_Matches_30d"": 6.0, ""P2_Surface_Experience"": 11.0, ""P2_Form_Trend_30d"": 0.5210799153309708, ""Player1_Height"": 185.0, ""P1_Form_Trend_30d"": 0.5533049141923638, ""Round_R16"": 1.0, ""Surface_Transition_Flag"": 0.0, ""P1_Surface_Matches_90d"": 0.0, ""P1_Surface_Experience"": 49.0, ""Rank_Diff"": -39.0, ""Round_R32"": 0.0, ""Rank_Points_Diff"": 46.0, ""P2_Level_WinRate_Career"": 0.5425531914893617, ""P2_Surface_Matches_90d"": 0.0, ""P1_Level_WinRate_Career"": 0.46897810218978103, ""P2_Level_Matches_Career"": 138.0, ""P2_WinRate_Last10_120d"": 0.34615384615384615, ""Round_QF"": 0.0, ""Level_25"": 0.0, ""P1_Round_WinRate_Career"": 0.5697674418604651, ""P1_Surface_WinRate_90d"": 0.5, ""Round_Q1"": 0.0, ""Player1_Rank"": 214.0, ""P1_Level_Matches_Career"": 271.0, ""P2_Round_WinRate_Career"": 0.5214285714285715, ""draw_size"": 32.0, ""P1_WinRate_Last10_120d"": 0.5769230769230769, ""Age_Diff"": 3.5728952772073903, ""Level_15"": 0.0, ""Player1_Rank_Points"": 266.0, ""Handedness_Matchup_RL"": 0.0, ""Player2_Rank"": 253.0, ""Avg_Age"": 25.53182751540041, ""P1_Country_RUS"": 0.0, ""Player2_Age"": 23.745379876796715, ""P2_vs_Lefty_WinRate"": 0.6111111111111112, ""Round_F"": 0.0, ""Surface_Clay"": 0.0, ""P2_Sets_14d"": 11.0, ""Rank_Momentum_Diff_30d"": 0.0, ""H2H_P2_Wins"": 2.0, ""Player2_Rank_Points"": 220.0, ""Player1_Age"": 27.318275154004105, ""P2_Rank_Volatility_90d"": 9.114352888243276, ""P1_Days_Since_Last"": 3.0, ""Grass_Season"": 1.0, ""P1_Semifinals_WinRate"": 0.5232558139534884, ""Level_A"": 0.0, ""Level_D"": 0.0, ""P1_Country_USA"": 0.0, ""P1_Country_GBR"": 0.0, ""P1_Country_FRA"": 0.0, ""P2_Matches_14d"": 5.0, ""P2_Country_USA"": 0.0, ""P2_Country_ITA"": 0.0, ""Round_Q2"": 0.0, ""P2_Surface_WinRate_90d"": 0.5, ""P1_Hand_L"": 0.0, ""P2_Hand_L"": 0.0, ""P1_Country_ITA"": 0.0, ""P2_Rust_Flag"": 0.0, ""P1_Rank_Change_90d"": 49.0, ""P1_Country_AUS"": 0.0, ""P1_Hand_U"": 0.0, ""P1_Hand_R"": 1.0, ""Round_RR"": 0.0, ""Avg_Height"": 180.0, ""P1_Sets_14d"": 8.0, ""P2_Country_Other"": 0.0, ""Round_SF"": 0.0, ""P1_vs_Lefty_WinRate"": 0.5823529411764706, ""Indoor_Season"": 0.0, ""Avg_Rank"": 233.5, ""P1_Rust_Flag"": 0.0, ""Avg_Rank_Points"": 243.0, ""Level_F"": 0.0, ""Round_R64"": 0.0, ""P2_Country_CZE"": 0.0, ""P2_Hand_R"": 1.0, ""Surface_Hard"": 1.0, ""P1_Matches_14d"": 3.0, ""Surface_Carpet"": 0.0, ""Round_R128"": 0.0, ""P1_Country_SRB"": 0.0, ""P2_Hand_U"": 0.0, ""P1_Rank_Volatility_90d"": 28.03556040208263, ""Level_M"": 0.0, ""P2_Country_ESP"": 0.0, ""Handedness_Matchup_LR"": 0.0, ""P1_Country_CZE"": 0.0, ""P2_Country_SUI"": 0.0, ""Surface_Grass"": 0.0, ""H2H_Total_Matches"": 3.0, ""Level_O"": 0.0, ""P1_Hand_A"": 0.0, ""P1_Finals_WinRate"": 0.6041666666666666, ""Rank_Momentum_Diff_90d"": 66.0, ""P2_Finals_WinRate"": 0.6333333333333333, ""Round_Q4"": 0.0, ""Level_G"": 0.0, ""Round_ER"": 0.0, ""Level_S"": 0.0, ""Round_BR"": 0.0, ""Round_Q3"": 0.0, ""Rank_Ratio"": 1.1822429906542056, ""P1_Country_SUI"": 0.0, ""Clay_Season"": 0.0, ""P1_Country_GER"": 0.0, ""P2_Rank_Change_30d"": 0.0, ""P1_Country_ESP"": 1.0, ""P2_Hand_A"": 0.0, ""H2H_Recent_P1_Advantage"": -0.08333333333333331, ""P2_Country_AUS"": 0.0, ""P2_Country_SRB"": 0.0, ""P2_Country_GBR"": 0.0, ""P2_Country_ARG"": 1.0, ""Handedness_Matchup_RR"": 1.0, ""P1_Rank_Change_30d"": 0.0, ""P2_Country_GER"": 0.0, ""Handedness_Matchup_LL"": 0.0, ""P2_Country_RUS"": 0.0, ""P1_Country_ARG"": 0.0, ""Level_C"": 1.0, ""P2_Semifinals_WinRate"": 0.6136363636363636, ""P2_Days_Since_Last"": 3.0, ""P1_Peak_Age"": 1.0, ""P2_Peak_Age"": 0.0, ""H2H_P1_WinRate"": 0.4166666666666667, ""P1_Country_Other"": 0.0, ""H2H_P1_Wins"": 1.0, ""P1_BigMatch_WinRate"": 0.3, ""P2_Rank_Change_90d"": -17.0, ""P2_BigMatch_WinRate"": 0.21428571428571427, ""P2_Country_FRA"": 0.0, ""_defaulted_features"": """"}"
jacob fearnley,mark lajal,2026-07-09,2026-07-09T05:21:33+00:00,run_20260709T051522Z,False,"{""P2_WinStreak_Current"": -3.0, ""P1_WinStreak_Current"": -1.0, ""P2_Surface_Matches_30d"": 0.0, ""Height_Diff"": -8.0, ""P1_Surface_Matches_30d"": 0.0, ""Player2_Height"": 191.0, ""P1_Matches_30d"": 2.0, ""P2_Matches_30d"": 2.0, ""P2_Surface_Experience"": 270.0, ""P2_Form_Trend_30d"": 0.5, ""Player1_Height"": 183.0, ""P1_Form_Trend_30d"": 0.5, ""Round_R16"": 0.0, ""Surface_Transition_Flag"": 1.0, ""P1_Surface_Matches_90d"": 0.0, ""P1_Surface_Experience"": 117.0, ""Rank_Diff"": -5.0, ""Round_R32"": 1.0, ""Rank_Points_Diff"": 10.0, ""P2_Level_WinRate_Career"": 0.6044776119402985, ""P2_Surface_Matches_90d"": 9.0, ""P1_Level_WinRate_Career"": 0.7083333333333334, ""P2_Level_Matches_Career"": 198.0, ""P2_WinRate_Last10_120d"": 0.5, ""Round_QF"": 0.0, ""Level_25"": 0.0, ""P1_Round_WinRate_Career"": 0.5978260869565217, ""P1_Surface_WinRate_90d"": 0.5, ""Round_Q1"": 0.0, ""Player1_Rank"": 159.0, ""P1_Level_Matches_Career"": 57.0, ""P2_Round_WinRate_Career"": 0.6898148148148148, ""draw_size"": 32.0, ""P1_WinRate_Last10_120d"": 0.375, ""Age_Diff"": 1.8234086242299803, ""Level_15"": 0.0, ""Player1_Rank_Points"": 362.0, ""Handedness_Matchup_RL"": 0.0, ""Player2_Rank"": 164.0, ""Avg_Age"": 24.071184120465432, ""P1_Country_RUS"": 0.0, ""Player2_Age"": 23.159479808350444, ""P2_vs_Lefty_WinRate"": 0.5408163265306123, ""Round_F"": 0.0, ""Surface_Clay"": 0.0, ""P2_Sets_14d"": 2.0, ""Rank_Momentum_Diff_30d"": 0.0, ""H2H_P2_Wins"": 0.0, ""Player2_Rank_Points"": 352.0, ""Player1_Age"": 24.982888432580424, ""P2_Rank_Volatility_90d"": 3.3166247903554, ""P1_Days_Since_Last"": 10.0, ""Grass_Season"": 1.0, ""P1_Semifinals_WinRate"": 0.6785714285714286, ""Level_A"": 0.0, ""Level_D"": 0.0, ""P1_Country_USA"": 0.0, ""P1_Country_GBR"": 1.0, ""P1_Country_FRA"": 0.0, ""P2_Matches_14d"": 1.0, ""P2_Country_USA"": 0.0, ""P2_Country_ITA"": 0.0, ""Round_Q2"": 0.0, ""P2_Surface_WinRate_90d"": 0.625, ""P1_Hand_L"": 0.0, ""P2_Hand_L"": 0.0, ""P1_Country_ITA"": 0.0, ""P2_Rust_Flag"": 0.0, ""P1_Rank_Change_90d"": -42.0, ""P1_Country_AUS"": 0.0, ""P1_Hand_U"": 0.0, ""P1_Hand_R"": 1.0, ""Round_RR"": 0.0, ""Avg_Height"": 187.0, ""P1_Sets_14d"": 8.0, ""P2_Country_Other"": 1.0, ""Round_SF"": 0.0, ""P1_vs_Lefty_WinRate"": 0.6730769230769231, ""Indoor_Season"": 0.0, ""Avg_Rank"": 161.5, ""P1_Rust_Flag"": 0.0, ""Avg_Rank_Points"": 357.0, ""Level_F"": 0.0, ""Round_R64"": 0.0, ""P2_Country_CZE"": 0.0, ""P2_Hand_R"": 1.0, ""Surface_Hard"": 1.0, ""P1_Matches_14d"": 2.0, ""Surface_Carpet"": 0.0, ""Round_R128"": 0.0, ""P1_Country_SRB"": 0.0, ""P2_Hand_U"": 0.0, ""P1_Rank_Volatility_90d"": 1.0690449676496976, ""Level_M"": 0.0, ""P2_Country_ESP"": 0.0, ""Handedness_Matchup_LR"": 0.0, ""P1_Country_CZE"": 0.0, ""P2_Country_SUI"": 0.0, ""Surface_Grass"": 0.0, ""H2H_Total_Matches"": 1.0, ""Level_O"": 0.0, ""P1_Hand_A"": 0.0, ""P1_Finals_WinRate"": 0.6818181818181818, ""Rank_Momentum_Diff_90d"": -45.0, ""P2_Finals_WinRate"": 0.5909090909090909, ""Round_Q4"": 0.0, ""Level_G"": 0.0, ""Round_ER"": 0.0, ""Level_S"": 0.0, ""Round_BR"": 0.0, ""Round_Q3"": 0.0, ""Rank_Ratio"": 1.0314465408805031, ""P1_Country_SUI"": 0.0, ""Clay_Season"": 0.0, ""P1_Country_GER"": 0.0, ""P2_Rank_Change_30d"": 0.0, ""P1_Country_ESP"": 0.0, ""P2_Hand_A"": 0.0, ""H2H_Recent_P1_Advantage"": 0.0, ""P2_Country_AUS"": 0.0, ""P2_Country_SRB"": 0.0, ""P2_Country_GBR"": 0.0, ""P2_Country_ARG"": 0.0, ""Handedness_Matchup_RR"": 1.0, ""P1_Rank_Change_30d"": 0.0, ""P2_Country_GER"": 0.0, ""Handedness_Matchup_LL"": 0.0, ""P2_Country_RUS"": 0.0, ""P1_Country_ARG"": 0.0, ""Level_C"": 1.0, ""P2_Semifinals_WinRate"": 0.41304347826086957, ""P2_Days_Since_Last"": 3.0, ""P1_Peak_Age"": 1.0, ""P2_Peak_Age"": 0.0, ""H2H_P1_WinRate"": 0.625, ""P1_Country_Other"": 0.0, ""H2H_P1_Wins"": 1.0, ""P1_BigMatch_WinRate"": 0.5119047619047619, ""P2_Rank_Change_90d"": 3.0, ""P2_BigMatch_WinRate"": 0.35714285714285715, ""P2_Country_FRA"": 0.0, ""_defaulted_features"": """"}"
stefan kozlov,yibing wu,2026-07-09,2026-07-09T05:21:34+00:00,run_20260709T051522Z,False,"{""P2_WinStreak_Current"": -4.0, ""P1_WinStreak_Current"": 7.0, ""P2_Surface_Matches_30d"": 0.0, ""Height_Diff"": 0.0, ""P1_Surface_Matches_30d"": 0.0, ""Player2_Height"": 183.0, ""P1_Matches_30d"": 7.0, ""P2_Matches_30d"": 2.0, ""P2_Surface_Experience"": 178.0, ""P2_Form_Trend_30d"": 0.5, ""Player1_Height"": 183.0, ""P1_Form_Trend_30d"": 1.0, ""Round_R16"": 0.0, ""Surface_Transition_Flag"": 1.0, ""P1_Surface_Matches_90d"": 0.0, ""P1_Surface_Experience"": 439.0, ""Rank_Diff"": 215.0, ""Round_R32"": 1.0, ""Rank_Points_Diff"": -465.0, ""P2_Level_WinRate_Career"": 0.7008928571428571, ""P2_Surface_Matches_90d"": 0.0, ""P1_Level_WinRate_Career"": 0.5886243386243386, ""P2_Level_Matches_Career"": 109.0, ""P2_WinRate_Last10_120d"": 0.4230769230769231, ""Round_QF"": 0.0, ""Level_25"": 0.0, ""P1_Round_WinRate_Career"": 0.5788177339901478, ""P1_Surface_WinRate_90d"": 0.5, ""Round_Q1"": 0.0, ""Player1_Rank"": 317.0, ""P1_Level_Matches_Career"": 375.0, ""P2_Round_WinRate_Career"": 0.5909090909090909, ""draw_size"": 32.0, ""P1_WinRate_Last10_120d"": 0.7307692307692307, ""Age_Diff"": 1.6974674880219034, ""Level_15"": 0.0, ""Player1_Rank_Points"": 169.0, ""Handedness_Matchup_RL"": 0.0, ""Player2_Rank"": 102.0, ""Avg_Age"": 27.58384668035592, ""P1_Country_RUS"": 0.0, ""Player2_Age"": 26.73511293634497, ""P2_vs_Lefty_WinRate"": 0.6818181818181818, ""Round_F"": 0.0, ""Surface_Clay"": 0.0, ""P2_Sets_14d"": 6.0, ""Rank_Momentum_Diff_30d"": 0.0, ""H2H_P2_Wins"": 1.0, ""Player2_Rank_Points"": 634.0, ""Player1_Age"": 28.432580424366872, ""P2_Rank_Volatility_90d"": 8.321203292939323, ""P1_Days_Since_Last"": 3.0, ""Grass_Season"": 1.0, ""P1_Semifinals_WinRate"": 0.6323529411764706, ""Level_A"": 0.0, ""Level_D"": 0.0, ""P1_Country_USA"": 1.0, ""P1_Country_GBR"": 0.0, ""P1_Country_FRA"": 0.0, ""P2_Matches_14d"": 2.0, ""P2_Country_USA"": 0.0, ""P2_Country_ITA"": 0.0, ""Round_Q2"": 0.0, ""P2_Surface_WinRate_90d"": 0.5, ""P1_Hand_L"": 0.0, ""P2_Hand_L"": 0.0, ""P1_Country_ITA"": 0.0, ""P2_Rust_Flag"": 0.0, ""P1_Rank_Change_90d"": -6.0, ""P1_Country_AUS"": 0.0, ""P1_Hand_U"": 0.0, ""P1_Hand_R"": 1.0, ""Round_RR"": 0.0, ""Avg_Height"": 183.0, ""P1_Sets_14d"": 18.0, ""P2_Country_Other"": 1.0, ""Round_SF"": 0.0, ""P1_vs_Lefty_WinRate"": 0.5572916666666666, ""Indoor_Season"": 0.0, ""Avg_Rank"": 209.5, ""P1_Rust_Flag"": 0.0, ""Avg_Rank_Points"": 401.5, ""Level_F"": 0.0, ""Round_R64"": 0.0, ""P2_Country_CZE"": 0.0, ""P2_Hand_R"": 1.0, ""Surface_Hard"": 1.0, ""P1_Matches_14d"": 7.0, ""Surface_Carpet"": 0.0, ""Round_R128"": 0.0, ""P1_Country_SRB"": 0.0, ""P2_Hand_U"": 0.0, ""P1_Rank_Volatility_90d"": 4.191828786034631, ""Level_M"": 0.0, ""P2_Country_ESP"": 0.0, ""Handedness_Matchup_LR"": 0.0, ""P1_Country_CZE"": 0.0, ""P2_Country_SUI"": 0.0, ""Surface_Grass"": 0.0, ""H2H_Total_Matches"": 1.0, ""Level_O"": 0.0, ""P1_Hand_A"": 0.0, ""P1_Finals_WinRate"": 0.5, ""Rank_Momentum_Diff_90d"": -29.0, ""P2_Finals_WinRate"": 0.71875, ""Round_Q4"": 0.0, ""Level_G"": 0.0, ""Round_ER"": 0.0, ""Level_S"": 0.0, ""Round_BR"": 0.0, ""Round_Q3"": 0.0, ""Rank_Ratio"": 3.107843137254902, ""P1_Country_SUI"": 0.0, ""Clay_Season"": 0.0, ""P1_Country_GER"": 0.0, ""P2_Rank_Change_30d"": 0.0, ""P1_Country_ESP"": 0.0, ""P2_Hand_A"": 0.0, ""H2H_Recent_P1_Advantage"": 0.0, ""P2_Country_AUS"": 0.0, ""P2_Country_SRB"": 0.0, ""P2_Country_GBR"": 0.0, ""P2_Country_ARG"": 0.0, ""Handedness_Matchup_RR"": 1.0, ""P1_Rank_Change_30d"": 0.0, ""P2_Country_GER"": 0.0, ""Handedness_Matchup_LL"": 0.0, ""P2_Country_RUS"": 0.0, ""P1_Country_ARG"": 0.0, ""Level_C"": 1.0, ""P2_Semifinals_WinRate"": 0.725, ""P2_Days_Since_Last"": 10.0, ""P1_Peak_Age"": 0.0, ""P2_Peak_Age"": 1.0, ""H2H_P1_WinRate"": 0.375, ""P1_Country_Other"": 0.0, ""H2H_P1_Wins"": 0.0, ""P1_BigMatch_WinRate"": 0.29591836734693877, ""P2_Rank_Change_90d"": 23.0, ""P2_BigMatch_WinRate"": 0.4777777777777778, ""P2_Country_FRA"": 0.0, ""_defaulted_features"": """"}"
